--
-- PostgreSQL database dump
--

\restrict zftfr0fyFLANL1iwfMkfnNhlGlFlMbXelcBWmEo4n5pRGJA1uOOAX39oOZa3qcm

-- Dumped from database version 18.0
-- Dumped by pg_dump version 18.0

-- Started on 2025-10-28 19:38:51

SET statement_timeout = 0;
SET lock_timeout = 0;
SET idle_in_transaction_session_timeout = 0;
SET transaction_timeout = 0;
SET client_encoding = 'UTF8';
SET standard_conforming_strings = on;
SELECT pg_catalog.set_config('search_path', '', false);
SET check_function_bodies = false;
SET xmloption = content;
SET client_min_messages = warning;
SET row_security = off;

SET default_tablespace = '';

SET default_table_access_method = heap;

--
-- TOC entry 225 (class 1259 OID 16528)
-- Name: BusSchedules; Type: TABLE; Schema: public; Owner: postgres
--

CREATE TABLE public."BusSchedules" (
    "Id" uuid NOT NULL,
    "BusId" uuid NOT NULL,
    "RouteId" uuid NOT NULL,
    "JourneyDate" timestamp with time zone NOT NULL,
    "StartTime" interval NOT NULL,
    "ArrivalTime" interval NOT NULL,
    "Price" numeric(18,2) NOT NULL
);


ALTER TABLE public."BusSchedules" OWNER TO postgres;

--
-- TOC entry 220 (class 1259 OID 16396)
-- Name: Buses; Type: TABLE; Schema: public; Owner: postgres
--

CREATE TABLE public."Buses" (
    "Id" uuid NOT NULL,
    "CompanyName" character varying(100) NOT NULL,
    "BusName" character varying(100) NOT NULL,
    "BusNumber" text NOT NULL,
    "TotalSeats" integer NOT NULL,
    "BusType" integer NOT NULL
);


ALTER TABLE public."Buses" OWNER TO postgres;

--
-- TOC entry 221 (class 1259 OID 16410)
-- Name: Passengers; Type: TABLE; Schema: public; Owner: postgres
--

CREATE TABLE public."Passengers" (
    "Id" uuid NOT NULL,
    "Name" character varying(100) NOT NULL,
    "MobileNumber" character varying(20) NOT NULL,
    "Email" text
);


ALTER TABLE public."Passengers" OWNER TO postgres;

--
-- TOC entry 222 (class 1259 OID 16421)
-- Name: Routes; Type: TABLE; Schema: public; Owner: postgres
--

CREATE TABLE public."Routes" (
    "Id" uuid NOT NULL,
    "FromCity" character varying(100) NOT NULL,
    "ToCity" character varying(100) NOT NULL
);


ALTER TABLE public."Routes" OWNER TO postgres;

--
-- TOC entry 223 (class 1259 OID 16434)
-- Name: Seats; Type: TABLE; Schema: public; Owner: postgres
--

CREATE TABLE public."Seats" (
    "Id" uuid NOT NULL,
    "BusId" uuid NOT NULL,
    "SeatNumber" character varying(10) NOT NULL,
    "Row" integer NOT NULL,
    "Column" integer NOT NULL,
    "SeatType" integer NOT NULL
);


ALTER TABLE public."Seats" OWNER TO postgres;

--
-- TOC entry 224 (class 1259 OID 16468)
-- Name: Tickets; Type: TABLE; Schema: public; Owner: postgres
--

CREATE TABLE public."Tickets" (
    "Id" uuid NOT NULL,
    "SeatId" uuid NOT NULL,
    "PassengerId" uuid NOT NULL,
    "BoardingPoint" text NOT NULL,
    "DroppingPoint" text NOT NULL,
    "Status" integer CONSTRAINT "Tickets_SeatStatus_not_null" NOT NULL,
    "Price" numeric(18,2) NOT NULL,
    "BookingDate" timestamp with time zone NOT NULL,
    "BookingReference" character varying(50) DEFAULT ''::character varying NOT NULL,
    "BusScheduleId" uuid DEFAULT '00000000-0000-0000-0000-000000000000'::uuid NOT NULL
);


ALTER TABLE public."Tickets" OWNER TO postgres;

--
-- TOC entry 219 (class 1259 OID 16389)
-- Name: __EFMigrationsHistory; Type: TABLE; Schema: public; Owner: postgres
--

CREATE TABLE public."__EFMigrationsHistory" (
    "MigrationId" character varying(150) NOT NULL,
    "ProductVersion" character varying(32) NOT NULL
);


ALTER TABLE public."__EFMigrationsHistory" OWNER TO postgres;

--
-- TOC entry 4959 (class 0 OID 16528)
-- Dependencies: 225
-- Data for Name: BusSchedules; Type: TABLE DATA; Schema: public; Owner: postgres
--

COPY public."BusSchedules" ("Id", "BusId", "RouteId", "JourneyDate", "StartTime", "ArrivalTime", "Price") FROM stdin;
b7a00408-5a30-4452-bdc1-dfe0a936d07b	b3fb5bcd-99e0-4b6c-948b-967130724081	c76a30fe-7544-4549-96fc-e329d0a55e08	2025-10-28 00:00:00+06	06:00:00	13:30:00	700.00
ed4b62f6-eb16-40d6-a1ae-f8f0ebdbae37	cf7e2485-e732-4e8d-83b4-84b4560f2119	c76a30fe-7544-4549-96fc-e329d0a55e08	2025-10-28 00:00:00+06	08:00:00	15:30:00	750.00
ef9a0487-1291-482b-b61b-33ebd4ede734	e3f089eb-13b6-468c-9a06-88f0df1dd7cf	3ce116cf-8a06-4048-8f1d-1abfbac6b131	2025-10-28 00:00:00+06	06:00:00	13:30:00	700.00
d5a79d3d-5859-4ff4-85d2-82408db1aafe	c8134a23-9b23-46eb-81ec-e7b07ff56a4d	3ce116cf-8a06-4048-8f1d-1abfbac6b131	2025-10-28 00:00:00+06	08:00:00	15:30:00	750.00
462badfd-3d39-43c3-a4c5-8f9854b33f0e	83343aad-7e7f-4e6d-9d22-22ed2aaee501	ed1a7bab-d249-4f3d-8b5f-085deeac2c1e	2025-10-28 00:00:00+06	06:30:00	11:30:00	650.00
e8b38189-d10f-4c8d-bac0-0f07aa85c648	26898d1c-4f27-45d3-91d6-036126361c5a	f23af79d-ebd1-4311-ada9-5642316c8cf3	2025-10-28 00:00:00+06	06:00:00	12:00:00	700.00
dce0dd3d-e5fe-4d88-a56e-2235dbaf1c48	60d21c3d-062d-4856-a2b2-44677fb2c746	4985fc97-db61-434f-b814-fbe201c91b50	2025-10-28 00:00:00+06	07:00:00	18:00:00	1500.00
07da3006-d5c6-4d98-8421-b7ed3d118544	86108a52-62de-4ee5-9a3f-0591d95c0af3	c30b6e6b-e9aa-4261-a39b-42b7cc984539	2025-10-28 00:00:00+06	05:30:00	12:00:00	900.00
a253bbf8-8952-4c63-bea9-695468c213ac	817dd252-e021-4670-84f0-0092ffeffd26	87a3da66-ed34-4caf-b9ca-47338af24485	2025-10-28 00:00:00+06	08:30:00	16:00:00	850.00
acc66e07-e7a0-4ffb-a131-2ff847a7394c	e3f089eb-13b6-468c-9a06-88f0df1dd7cf	3ce116cf-8a06-4048-8f1d-1abfbac6b131	2025-10-29 00:00:00+06	06:00:00	13:30:00	700.00
3861c0c2-6184-419d-b3eb-d8242ca95db5	c8134a23-9b23-46eb-81ec-e7b07ff56a4d	3ce116cf-8a06-4048-8f1d-1abfbac6b131	2025-10-29 00:00:00+06	08:00:00	15:30:00	750.00
94d359fd-05cc-4025-b356-b7bc55e8d732	83343aad-7e7f-4e6d-9d22-22ed2aaee501	ed1a7bab-d249-4f3d-8b5f-085deeac2c1e	2025-10-29 00:00:00+06	06:30:00	11:30:00	650.00
b49d5bc3-33cd-4779-8537-51ad87dd1d55	26898d1c-4f27-45d3-91d6-036126361c5a	f23af79d-ebd1-4311-ada9-5642316c8cf3	2025-10-29 00:00:00+06	06:00:00	12:00:00	700.00
e72aa7bc-349c-4084-a1f0-6384d046db82	60d21c3d-062d-4856-a2b2-44677fb2c746	4985fc97-db61-434f-b814-fbe201c91b50	2025-10-29 00:00:00+06	07:00:00	18:00:00	1500.00
bff4cd55-3e51-4742-abf6-5ef3ff170cde	86108a52-62de-4ee5-9a3f-0591d95c0af3	c30b6e6b-e9aa-4261-a39b-42b7cc984539	2025-10-29 00:00:00+06	05:30:00	12:00:00	900.00
79dcde9e-e7a0-4a0b-b994-cb979810b8b9	817dd252-e021-4670-84f0-0092ffeffd26	87a3da66-ed34-4caf-b9ca-47338af24485	2025-10-29 00:00:00+06	08:30:00	16:00:00	850.00
ca3a44b8-125d-497e-9509-03d2227ff6b7	e3f089eb-13b6-468c-9a06-88f0df1dd7cf	3ce116cf-8a06-4048-8f1d-1abfbac6b131	2025-10-30 00:00:00+06	06:00:00	13:30:00	700.00
07126cf1-cf91-4beb-94a6-5ef00b5774c8	c8134a23-9b23-46eb-81ec-e7b07ff56a4d	3ce116cf-8a06-4048-8f1d-1abfbac6b131	2025-10-30 00:00:00+06	08:00:00	15:30:00	750.00
a64bbecf-8203-4810-9fe1-478ffec954c2	83343aad-7e7f-4e6d-9d22-22ed2aaee501	ed1a7bab-d249-4f3d-8b5f-085deeac2c1e	2025-10-30 00:00:00+06	06:30:00	11:30:00	650.00
b3471313-70fa-496a-afc0-6292aca73894	26898d1c-4f27-45d3-91d6-036126361c5a	f23af79d-ebd1-4311-ada9-5642316c8cf3	2025-10-30 00:00:00+06	06:00:00	12:00:00	700.00
29b8e1d1-a6c4-4a08-ac70-ac5df539bd90	60d21c3d-062d-4856-a2b2-44677fb2c746	4985fc97-db61-434f-b814-fbe201c91b50	2025-10-30 00:00:00+06	07:00:00	18:00:00	1500.00
de105d48-721f-469b-9130-188fce1163c1	86108a52-62de-4ee5-9a3f-0591d95c0af3	c30b6e6b-e9aa-4261-a39b-42b7cc984539	2025-10-30 00:00:00+06	05:30:00	12:00:00	900.00
413c2a9d-13e1-4478-aec1-8ba9a149a7a6	817dd252-e021-4670-84f0-0092ffeffd26	87a3da66-ed34-4caf-b9ca-47338af24485	2025-10-30 00:00:00+06	08:30:00	16:00:00	850.00
d8a2e140-2eb9-413e-af7f-b56559f44139	e3f089eb-13b6-468c-9a06-88f0df1dd7cf	3ce116cf-8a06-4048-8f1d-1abfbac6b131	2025-10-31 00:00:00+06	06:00:00	13:30:00	700.00
fe15eb4e-414e-4c9a-8f9c-f5bcf63a437b	c8134a23-9b23-46eb-81ec-e7b07ff56a4d	3ce116cf-8a06-4048-8f1d-1abfbac6b131	2025-10-31 00:00:00+06	08:00:00	15:30:00	750.00
18499b86-bde0-4bc0-b72a-9d9b077b7012	83343aad-7e7f-4e6d-9d22-22ed2aaee501	ed1a7bab-d249-4f3d-8b5f-085deeac2c1e	2025-10-31 00:00:00+06	06:30:00	11:30:00	650.00
06498b77-2442-44d9-8214-6de74967cf99	26898d1c-4f27-45d3-91d6-036126361c5a	f23af79d-ebd1-4311-ada9-5642316c8cf3	2025-10-31 00:00:00+06	06:00:00	12:00:00	700.00
ab4631ae-b35b-4076-9d3f-a1bd1fd371e4	60d21c3d-062d-4856-a2b2-44677fb2c746	4985fc97-db61-434f-b814-fbe201c91b50	2025-10-31 00:00:00+06	07:00:00	18:00:00	1500.00
d9235729-9c2f-4ad0-8147-ff0467d87512	86108a52-62de-4ee5-9a3f-0591d95c0af3	c30b6e6b-e9aa-4261-a39b-42b7cc984539	2025-10-31 00:00:00+06	05:30:00	12:00:00	900.00
25e36b19-a88a-415d-ad50-58da3cee8afc	817dd252-e021-4670-84f0-0092ffeffd26	87a3da66-ed34-4caf-b9ca-47338af24485	2025-10-31 00:00:00+06	08:30:00	16:00:00	850.00
0ab1d999-29e4-4b8a-8a0b-b6096befcd80	e3f089eb-13b6-468c-9a06-88f0df1dd7cf	3ce116cf-8a06-4048-8f1d-1abfbac6b131	2025-11-01 00:00:00+06	06:00:00	13:30:00	700.00
ff72bc3e-07ba-4c0d-a1e2-86d307901795	c8134a23-9b23-46eb-81ec-e7b07ff56a4d	3ce116cf-8a06-4048-8f1d-1abfbac6b131	2025-11-01 00:00:00+06	08:00:00	15:30:00	750.00
34103efd-d377-422d-b1e3-0555e591a826	83343aad-7e7f-4e6d-9d22-22ed2aaee501	ed1a7bab-d249-4f3d-8b5f-085deeac2c1e	2025-11-01 00:00:00+06	06:30:00	11:30:00	650.00
acda12e3-7a1d-4053-af8a-b79162316686	26898d1c-4f27-45d3-91d6-036126361c5a	f23af79d-ebd1-4311-ada9-5642316c8cf3	2025-11-01 00:00:00+06	06:00:00	12:00:00	700.00
fc568083-ff3f-4506-9d43-b853f6dd1e25	60d21c3d-062d-4856-a2b2-44677fb2c746	4985fc97-db61-434f-b814-fbe201c91b50	2025-11-01 00:00:00+06	07:00:00	18:00:00	1500.00
261264d5-1137-451e-9e01-bed0ae6360cd	86108a52-62de-4ee5-9a3f-0591d95c0af3	c30b6e6b-e9aa-4261-a39b-42b7cc984539	2025-11-01 00:00:00+06	05:30:00	12:00:00	900.00
d37ae7a1-7e5e-4108-abd5-376b2c778baa	817dd252-e021-4670-84f0-0092ffeffd26	87a3da66-ed34-4caf-b9ca-47338af24485	2025-11-01 00:00:00+06	08:30:00	16:00:00	850.00
a2d47fbb-5ce9-4e4b-be3a-f75ed596451f	e3f089eb-13b6-468c-9a06-88f0df1dd7cf	3ce116cf-8a06-4048-8f1d-1abfbac6b131	2025-11-02 00:00:00+06	06:00:00	13:30:00	700.00
ca31688e-76d6-437c-a7f1-4c2ff630406d	c8134a23-9b23-46eb-81ec-e7b07ff56a4d	3ce116cf-8a06-4048-8f1d-1abfbac6b131	2025-11-02 00:00:00+06	08:00:00	15:30:00	750.00
a24e6f78-6df9-48bb-8997-145b118cb6f0	83343aad-7e7f-4e6d-9d22-22ed2aaee501	ed1a7bab-d249-4f3d-8b5f-085deeac2c1e	2025-11-02 00:00:00+06	06:30:00	11:30:00	650.00
dd3b625a-a621-4f94-aec7-926aa55daeac	26898d1c-4f27-45d3-91d6-036126361c5a	f23af79d-ebd1-4311-ada9-5642316c8cf3	2025-11-02 00:00:00+06	06:00:00	12:00:00	700.00
94dee667-a703-47ee-a922-d5d2519cdf22	60d21c3d-062d-4856-a2b2-44677fb2c746	4985fc97-db61-434f-b814-fbe201c91b50	2025-11-02 00:00:00+06	07:00:00	18:00:00	1500.00
22ffad73-9be8-4bdc-9907-b8ea5efbe2ff	86108a52-62de-4ee5-9a3f-0591d95c0af3	c30b6e6b-e9aa-4261-a39b-42b7cc984539	2025-11-02 00:00:00+06	05:30:00	12:00:00	900.00
f8442163-9d4f-48c0-920c-868f43c3411e	817dd252-e021-4670-84f0-0092ffeffd26	87a3da66-ed34-4caf-b9ca-47338af24485	2025-11-02 00:00:00+06	08:30:00	16:00:00	850.00
9183ac48-c1be-4571-b8a8-483164977fea	e3f089eb-13b6-468c-9a06-88f0df1dd7cf	3ce116cf-8a06-4048-8f1d-1abfbac6b131	2025-11-03 00:00:00+06	06:00:00	13:30:00	700.00
460047c6-70a9-461c-913a-322c238aaa7b	c8134a23-9b23-46eb-81ec-e7b07ff56a4d	3ce116cf-8a06-4048-8f1d-1abfbac6b131	2025-11-03 00:00:00+06	08:00:00	15:30:00	750.00
75a408c8-150d-490c-b985-a50ffb72fccb	83343aad-7e7f-4e6d-9d22-22ed2aaee501	ed1a7bab-d249-4f3d-8b5f-085deeac2c1e	2025-11-03 00:00:00+06	06:30:00	11:30:00	650.00
bde3fb59-bf2e-43c6-8ce2-50d0e65dfaf4	26898d1c-4f27-45d3-91d6-036126361c5a	f23af79d-ebd1-4311-ada9-5642316c8cf3	2025-11-03 00:00:00+06	06:00:00	12:00:00	700.00
e48d4d1c-6c8d-4f6a-aff0-37d1c91f3b13	60d21c3d-062d-4856-a2b2-44677fb2c746	4985fc97-db61-434f-b814-fbe201c91b50	2025-11-03 00:00:00+06	07:00:00	18:00:00	1500.00
6a7fb6e1-10a2-4e46-852d-fc31fa7e775f	86108a52-62de-4ee5-9a3f-0591d95c0af3	c30b6e6b-e9aa-4261-a39b-42b7cc984539	2025-11-03 00:00:00+06	05:30:00	12:00:00	900.00
c225cca7-13ee-48a4-881f-ddcf13cf6367	817dd252-e021-4670-84f0-0092ffeffd26	87a3da66-ed34-4caf-b9ca-47338af24485	2025-11-03 00:00:00+06	08:30:00	16:00:00	850.00
68fe66d7-6624-4eb4-a8f4-9a09561cf8e4	e3f089eb-13b6-468c-9a06-88f0df1dd7cf	3ce116cf-8a06-4048-8f1d-1abfbac6b131	2025-11-04 00:00:00+06	06:00:00	13:30:00	700.00
a9f24a7d-a978-4acd-9f93-faf55462331f	c8134a23-9b23-46eb-81ec-e7b07ff56a4d	3ce116cf-8a06-4048-8f1d-1abfbac6b131	2025-11-04 00:00:00+06	08:00:00	15:30:00	750.00
c63765b1-e1e7-4a66-8f0a-8d3cb45c9047	83343aad-7e7f-4e6d-9d22-22ed2aaee501	ed1a7bab-d249-4f3d-8b5f-085deeac2c1e	2025-11-04 00:00:00+06	06:30:00	11:30:00	650.00
b6402271-4975-4e78-81fa-cd2821192e35	26898d1c-4f27-45d3-91d6-036126361c5a	f23af79d-ebd1-4311-ada9-5642316c8cf3	2025-11-04 00:00:00+06	06:00:00	12:00:00	700.00
0f70e153-f2fc-4fb0-bce6-0f30c393a5cb	60d21c3d-062d-4856-a2b2-44677fb2c746	4985fc97-db61-434f-b814-fbe201c91b50	2025-11-04 00:00:00+06	07:00:00	18:00:00	1500.00
718b357c-b067-4363-8ebf-8a1986e8c636	86108a52-62de-4ee5-9a3f-0591d95c0af3	c30b6e6b-e9aa-4261-a39b-42b7cc984539	2025-11-04 00:00:00+06	05:30:00	12:00:00	900.00
0d50aec9-1071-4cf6-83ff-abec3895def8	817dd252-e021-4670-84f0-0092ffeffd26	87a3da66-ed34-4caf-b9ca-47338af24485	2025-11-04 00:00:00+06	08:30:00	16:00:00	850.00
1a25e131-808b-4b6c-ac57-b55de2a5269e	e3f089eb-13b6-468c-9a06-88f0df1dd7cf	3ce116cf-8a06-4048-8f1d-1abfbac6b131	2025-11-05 00:00:00+06	06:00:00	13:30:00	700.00
3df6a28e-ff48-4a5a-a86e-40d1d6121518	c8134a23-9b23-46eb-81ec-e7b07ff56a4d	3ce116cf-8a06-4048-8f1d-1abfbac6b131	2025-11-05 00:00:00+06	08:00:00	15:30:00	750.00
903fea46-14be-4928-a2d3-dc5e09521c56	83343aad-7e7f-4e6d-9d22-22ed2aaee501	ed1a7bab-d249-4f3d-8b5f-085deeac2c1e	2025-11-05 00:00:00+06	06:30:00	11:30:00	650.00
3924d2e7-4de2-49fc-ac54-3ef845e2e868	26898d1c-4f27-45d3-91d6-036126361c5a	f23af79d-ebd1-4311-ada9-5642316c8cf3	2025-11-05 00:00:00+06	06:00:00	12:00:00	700.00
2229afa0-3c67-4f44-85ef-36287cf6b738	60d21c3d-062d-4856-a2b2-44677fb2c746	4985fc97-db61-434f-b814-fbe201c91b50	2025-11-05 00:00:00+06	07:00:00	18:00:00	1500.00
02dbbb49-542d-4cfe-94c6-a70f7fe450ea	86108a52-62de-4ee5-9a3f-0591d95c0af3	c30b6e6b-e9aa-4261-a39b-42b7cc984539	2025-11-05 00:00:00+06	05:30:00	12:00:00	900.00
432ceb78-6adb-42cd-9f38-d32ec51ada02	817dd252-e021-4670-84f0-0092ffeffd26	87a3da66-ed34-4caf-b9ca-47338af24485	2025-11-05 00:00:00+06	08:30:00	16:00:00	850.00
cf3e578c-f745-4215-ab0f-53ffa1ba4532	e3f089eb-13b6-468c-9a06-88f0df1dd7cf	3ce116cf-8a06-4048-8f1d-1abfbac6b131	2025-11-06 00:00:00+06	06:00:00	13:30:00	700.00
bb7ab2b9-ec18-4b9d-8425-94155d0f1d9b	c8134a23-9b23-46eb-81ec-e7b07ff56a4d	3ce116cf-8a06-4048-8f1d-1abfbac6b131	2025-11-06 00:00:00+06	08:00:00	15:30:00	750.00
6591c8b4-afb1-499f-bdea-b9acd9c52bce	83343aad-7e7f-4e6d-9d22-22ed2aaee501	ed1a7bab-d249-4f3d-8b5f-085deeac2c1e	2025-11-06 00:00:00+06	06:30:00	11:30:00	650.00
2c61e027-99a3-4a13-bc2d-14c3c66b998e	26898d1c-4f27-45d3-91d6-036126361c5a	f23af79d-ebd1-4311-ada9-5642316c8cf3	2025-11-06 00:00:00+06	06:00:00	12:00:00	700.00
b10e28fc-3e26-400e-a05c-eada2aaab0d9	60d21c3d-062d-4856-a2b2-44677fb2c746	4985fc97-db61-434f-b814-fbe201c91b50	2025-11-06 00:00:00+06	07:00:00	18:00:00	1500.00
1ceb0620-7945-4c34-8c86-fe3cd99b2881	86108a52-62de-4ee5-9a3f-0591d95c0af3	c30b6e6b-e9aa-4261-a39b-42b7cc984539	2025-11-06 00:00:00+06	05:30:00	12:00:00	900.00
506df298-08d7-4551-a1ff-82be6e5f39c1	817dd252-e021-4670-84f0-0092ffeffd26	87a3da66-ed34-4caf-b9ca-47338af24485	2025-11-06 00:00:00+06	08:30:00	16:00:00	850.00
6fa848f1-e3d4-4678-87c5-a9d1eecc00ad	e3f089eb-13b6-468c-9a06-88f0df1dd7cf	3ce116cf-8a06-4048-8f1d-1abfbac6b131	2025-11-07 00:00:00+06	06:00:00	13:30:00	700.00
4fe4c579-d07e-4351-a38f-2045c004c044	c8134a23-9b23-46eb-81ec-e7b07ff56a4d	3ce116cf-8a06-4048-8f1d-1abfbac6b131	2025-11-07 00:00:00+06	08:00:00	15:30:00	750.00
4d972e57-cc65-489e-998d-d5c74daa7df8	83343aad-7e7f-4e6d-9d22-22ed2aaee501	ed1a7bab-d249-4f3d-8b5f-085deeac2c1e	2025-11-07 00:00:00+06	06:30:00	11:30:00	650.00
290a3839-5682-440a-aba5-aaeb20d99e7b	26898d1c-4f27-45d3-91d6-036126361c5a	f23af79d-ebd1-4311-ada9-5642316c8cf3	2025-11-07 00:00:00+06	06:00:00	12:00:00	700.00
6de46e34-f558-4ab8-8f15-bc7bb8e93f93	60d21c3d-062d-4856-a2b2-44677fb2c746	4985fc97-db61-434f-b814-fbe201c91b50	2025-11-07 00:00:00+06	07:00:00	18:00:00	1500.00
3f6dbbe9-3bfb-44db-b254-90aaade3998d	86108a52-62de-4ee5-9a3f-0591d95c0af3	c30b6e6b-e9aa-4261-a39b-42b7cc984539	2025-11-07 00:00:00+06	05:30:00	12:00:00	900.00
c9f92f76-3753-41f2-ac49-752dfcd5469c	817dd252-e021-4670-84f0-0092ffeffd26	87a3da66-ed34-4caf-b9ca-47338af24485	2025-11-07 00:00:00+06	08:30:00	16:00:00	850.00
c496d923-9eb2-4e6e-a119-caebbcac1b2e	e3f089eb-13b6-468c-9a06-88f0df1dd7cf	3ce116cf-8a06-4048-8f1d-1abfbac6b131	2025-11-08 00:00:00+06	06:00:00	13:30:00	700.00
30b0dde3-8f4a-4a22-87cf-07cadc2cda61	c8134a23-9b23-46eb-81ec-e7b07ff56a4d	3ce116cf-8a06-4048-8f1d-1abfbac6b131	2025-11-08 00:00:00+06	08:00:00	15:30:00	750.00
7a58ef86-5d05-4c24-99db-54bf051a1bd2	83343aad-7e7f-4e6d-9d22-22ed2aaee501	ed1a7bab-d249-4f3d-8b5f-085deeac2c1e	2025-11-08 00:00:00+06	06:30:00	11:30:00	650.00
704a0012-65c7-4c66-b7e5-f10bcfc50cc2	26898d1c-4f27-45d3-91d6-036126361c5a	f23af79d-ebd1-4311-ada9-5642316c8cf3	2025-11-08 00:00:00+06	06:00:00	12:00:00	700.00
26ec1de3-306e-4a87-9842-db589d867593	60d21c3d-062d-4856-a2b2-44677fb2c746	4985fc97-db61-434f-b814-fbe201c91b50	2025-11-08 00:00:00+06	07:00:00	18:00:00	1500.00
08df8fc6-a377-4dd6-b812-9711865096a6	86108a52-62de-4ee5-9a3f-0591d95c0af3	c30b6e6b-e9aa-4261-a39b-42b7cc984539	2025-11-08 00:00:00+06	05:30:00	12:00:00	900.00
398cadd3-9445-4c9f-81fb-9305f04c6067	817dd252-e021-4670-84f0-0092ffeffd26	87a3da66-ed34-4caf-b9ca-47338af24485	2025-11-08 00:00:00+06	08:30:00	16:00:00	850.00
8c6997d7-7ad1-4067-bcc6-72026c45e0f4	e3f089eb-13b6-468c-9a06-88f0df1dd7cf	3ce116cf-8a06-4048-8f1d-1abfbac6b131	2025-11-09 00:00:00+06	06:00:00	13:30:00	700.00
4e689d64-4c45-4310-b3d0-2f731987154e	c8134a23-9b23-46eb-81ec-e7b07ff56a4d	3ce116cf-8a06-4048-8f1d-1abfbac6b131	2025-11-09 00:00:00+06	08:00:00	15:30:00	750.00
0d4b8229-5337-4e36-8110-eaef5fb0b525	83343aad-7e7f-4e6d-9d22-22ed2aaee501	ed1a7bab-d249-4f3d-8b5f-085deeac2c1e	2025-11-09 00:00:00+06	06:30:00	11:30:00	650.00
f9019673-1857-48f1-9ee3-6de5b0b0a46e	26898d1c-4f27-45d3-91d6-036126361c5a	f23af79d-ebd1-4311-ada9-5642316c8cf3	2025-11-09 00:00:00+06	06:00:00	12:00:00	700.00
dc19154f-afb9-4cab-bce6-433a5c90118e	60d21c3d-062d-4856-a2b2-44677fb2c746	4985fc97-db61-434f-b814-fbe201c91b50	2025-11-09 00:00:00+06	07:00:00	18:00:00	1500.00
c6856c2c-d28b-464d-851e-40c4af3167da	86108a52-62de-4ee5-9a3f-0591d95c0af3	c30b6e6b-e9aa-4261-a39b-42b7cc984539	2025-11-09 00:00:00+06	05:30:00	12:00:00	900.00
c1979843-98e5-44dd-a3d7-2e07851008d5	817dd252-e021-4670-84f0-0092ffeffd26	87a3da66-ed34-4caf-b9ca-47338af24485	2025-11-09 00:00:00+06	08:30:00	16:00:00	850.00
73e2a888-2ebf-48f7-a86e-4a9f8ad81dd8	e3f089eb-13b6-468c-9a06-88f0df1dd7cf	3ce116cf-8a06-4048-8f1d-1abfbac6b131	2025-11-10 00:00:00+06	06:00:00	13:30:00	700.00
7c9c54be-6927-42ca-8035-c9a8762a8b55	c8134a23-9b23-46eb-81ec-e7b07ff56a4d	3ce116cf-8a06-4048-8f1d-1abfbac6b131	2025-11-10 00:00:00+06	08:00:00	15:30:00	750.00
6eae4b6f-d70c-4c84-9103-8b18c88724d3	83343aad-7e7f-4e6d-9d22-22ed2aaee501	ed1a7bab-d249-4f3d-8b5f-085deeac2c1e	2025-11-10 00:00:00+06	06:30:00	11:30:00	650.00
10d06cf2-df66-4857-bb0e-c285895426fa	26898d1c-4f27-45d3-91d6-036126361c5a	f23af79d-ebd1-4311-ada9-5642316c8cf3	2025-11-10 00:00:00+06	06:00:00	12:00:00	700.00
ed3a5367-d4f3-4bb5-b16c-3bc2baaf565c	60d21c3d-062d-4856-a2b2-44677fb2c746	4985fc97-db61-434f-b814-fbe201c91b50	2025-11-10 00:00:00+06	07:00:00	18:00:00	1500.00
65e04ad5-9be0-4bdb-afff-db15a8ce3407	86108a52-62de-4ee5-9a3f-0591d95c0af3	c30b6e6b-e9aa-4261-a39b-42b7cc984539	2025-11-10 00:00:00+06	05:30:00	12:00:00	900.00
70dc3905-af5a-4350-8339-4b46d4fbee46	817dd252-e021-4670-84f0-0092ffeffd26	87a3da66-ed34-4caf-b9ca-47338af24485	2025-11-10 00:00:00+06	08:30:00	16:00:00	850.00
b9b26dee-ea5d-4578-bad0-e2559fdc22b4	e3f089eb-13b6-468c-9a06-88f0df1dd7cf	3ce116cf-8a06-4048-8f1d-1abfbac6b131	2025-11-11 00:00:00+06	06:00:00	13:30:00	700.00
1281bc49-c4a2-4dcb-a75a-5c6094ff48c7	c8134a23-9b23-46eb-81ec-e7b07ff56a4d	3ce116cf-8a06-4048-8f1d-1abfbac6b131	2025-11-11 00:00:00+06	08:00:00	15:30:00	750.00
6d2dd123-8f0a-433b-abc6-014f63eba31b	83343aad-7e7f-4e6d-9d22-22ed2aaee501	ed1a7bab-d249-4f3d-8b5f-085deeac2c1e	2025-11-11 00:00:00+06	06:30:00	11:30:00	650.00
a2194388-36fa-4a50-a4e8-ecad15ac2a6c	26898d1c-4f27-45d3-91d6-036126361c5a	f23af79d-ebd1-4311-ada9-5642316c8cf3	2025-11-11 00:00:00+06	06:00:00	12:00:00	700.00
20d22591-185d-4433-aff9-d37546082621	60d21c3d-062d-4856-a2b2-44677fb2c746	4985fc97-db61-434f-b814-fbe201c91b50	2025-11-11 00:00:00+06	07:00:00	18:00:00	1500.00
ce41aba3-4b72-42d8-b7ce-fb59ec9fa0a6	86108a52-62de-4ee5-9a3f-0591d95c0af3	c30b6e6b-e9aa-4261-a39b-42b7cc984539	2025-11-11 00:00:00+06	05:30:00	12:00:00	900.00
a062e747-a66d-4d74-bcb4-ac79e15446bb	817dd252-e021-4670-84f0-0092ffeffd26	87a3da66-ed34-4caf-b9ca-47338af24485	2025-11-11 00:00:00+06	08:30:00	16:00:00	850.00
bfb288e3-bd17-4f00-a681-cc93a8eca8c3	e3f089eb-13b6-468c-9a06-88f0df1dd7cf	3ce116cf-8a06-4048-8f1d-1abfbac6b131	2025-11-12 00:00:00+06	06:00:00	13:30:00	700.00
e71d2809-606c-43da-bcbd-82e19ac22257	c8134a23-9b23-46eb-81ec-e7b07ff56a4d	3ce116cf-8a06-4048-8f1d-1abfbac6b131	2025-11-12 00:00:00+06	08:00:00	15:30:00	750.00
1ba39c24-8ca3-4823-9fe9-44bc601d60bc	83343aad-7e7f-4e6d-9d22-22ed2aaee501	ed1a7bab-d249-4f3d-8b5f-085deeac2c1e	2025-11-12 00:00:00+06	06:30:00	11:30:00	650.00
dc73da1e-6b93-4be3-8a50-632dff4cac80	26898d1c-4f27-45d3-91d6-036126361c5a	f23af79d-ebd1-4311-ada9-5642316c8cf3	2025-11-12 00:00:00+06	06:00:00	12:00:00	700.00
da13a81a-dd11-4259-9a3f-00850aa33f67	60d21c3d-062d-4856-a2b2-44677fb2c746	4985fc97-db61-434f-b814-fbe201c91b50	2025-11-12 00:00:00+06	07:00:00	18:00:00	1500.00
bc17baed-7548-4de7-911c-ac033d7426ef	86108a52-62de-4ee5-9a3f-0591d95c0af3	c30b6e6b-e9aa-4261-a39b-42b7cc984539	2025-11-12 00:00:00+06	05:30:00	12:00:00	900.00
d65f758e-ce90-4b14-8c8b-e9a684109b43	817dd252-e021-4670-84f0-0092ffeffd26	87a3da66-ed34-4caf-b9ca-47338af24485	2025-11-12 00:00:00+06	08:30:00	16:00:00	850.00
a6a6e12f-d9af-408f-ac56-9ca721ecc6fb	e3f089eb-13b6-468c-9a06-88f0df1dd7cf	3ce116cf-8a06-4048-8f1d-1abfbac6b131	2025-11-13 00:00:00+06	06:00:00	13:30:00	700.00
2ef4601b-c2e5-4aad-8bb9-f9e33a696888	c8134a23-9b23-46eb-81ec-e7b07ff56a4d	3ce116cf-8a06-4048-8f1d-1abfbac6b131	2025-11-13 00:00:00+06	08:00:00	15:30:00	750.00
6a1a51af-1013-4ee9-821c-ff0b65b86408	83343aad-7e7f-4e6d-9d22-22ed2aaee501	ed1a7bab-d249-4f3d-8b5f-085deeac2c1e	2025-11-13 00:00:00+06	06:30:00	11:30:00	650.00
bdacb948-dec7-4ce7-992e-35962a91ce12	26898d1c-4f27-45d3-91d6-036126361c5a	f23af79d-ebd1-4311-ada9-5642316c8cf3	2025-11-13 00:00:00+06	06:00:00	12:00:00	700.00
7cff6ce3-877b-4fbd-a511-e53c95123607	60d21c3d-062d-4856-a2b2-44677fb2c746	4985fc97-db61-434f-b814-fbe201c91b50	2025-11-13 00:00:00+06	07:00:00	18:00:00	1500.00
679e35d3-3378-4a8b-ad02-05831d996cc7	86108a52-62de-4ee5-9a3f-0591d95c0af3	c30b6e6b-e9aa-4261-a39b-42b7cc984539	2025-11-13 00:00:00+06	05:30:00	12:00:00	900.00
94a1488d-a276-434f-a819-ad2111533725	817dd252-e021-4670-84f0-0092ffeffd26	87a3da66-ed34-4caf-b9ca-47338af24485	2025-11-13 00:00:00+06	08:30:00	16:00:00	850.00
6340827a-1fa5-4dcb-993b-71e44e645b7f	e3f089eb-13b6-468c-9a06-88f0df1dd7cf	3ce116cf-8a06-4048-8f1d-1abfbac6b131	2025-11-14 00:00:00+06	06:00:00	13:30:00	700.00
8c7cb412-6be7-4e08-9586-6389b1be9eba	c8134a23-9b23-46eb-81ec-e7b07ff56a4d	3ce116cf-8a06-4048-8f1d-1abfbac6b131	2025-11-14 00:00:00+06	08:00:00	15:30:00	750.00
7416ae59-7d12-4330-b8f5-fae3987071dc	83343aad-7e7f-4e6d-9d22-22ed2aaee501	ed1a7bab-d249-4f3d-8b5f-085deeac2c1e	2025-11-14 00:00:00+06	06:30:00	11:30:00	650.00
4a5ca592-104c-4861-ab04-190ab5bd6a7a	26898d1c-4f27-45d3-91d6-036126361c5a	f23af79d-ebd1-4311-ada9-5642316c8cf3	2025-11-14 00:00:00+06	06:00:00	12:00:00	700.00
28e9ded7-560a-411e-b35d-3bf32e6c4cda	60d21c3d-062d-4856-a2b2-44677fb2c746	4985fc97-db61-434f-b814-fbe201c91b50	2025-11-14 00:00:00+06	07:00:00	18:00:00	1500.00
d2cccf2b-c272-471d-8278-f5deb54f6b46	86108a52-62de-4ee5-9a3f-0591d95c0af3	c30b6e6b-e9aa-4261-a39b-42b7cc984539	2025-11-14 00:00:00+06	05:30:00	12:00:00	900.00
ade8513a-20bb-42b9-ae3b-0ba747b8f908	817dd252-e021-4670-84f0-0092ffeffd26	87a3da66-ed34-4caf-b9ca-47338af24485	2025-11-14 00:00:00+06	08:30:00	16:00:00	850.00
94083208-f5ba-4d66-bc90-016139f3ae41	e3f089eb-13b6-468c-9a06-88f0df1dd7cf	3ce116cf-8a06-4048-8f1d-1abfbac6b131	2025-11-15 00:00:00+06	06:00:00	13:30:00	700.00
8d9a4a85-df5e-40dc-9820-433ebb6b01d3	c8134a23-9b23-46eb-81ec-e7b07ff56a4d	3ce116cf-8a06-4048-8f1d-1abfbac6b131	2025-11-15 00:00:00+06	08:00:00	15:30:00	750.00
206a45e2-b6a3-4367-b83f-ec6b5764efd3	83343aad-7e7f-4e6d-9d22-22ed2aaee501	ed1a7bab-d249-4f3d-8b5f-085deeac2c1e	2025-11-15 00:00:00+06	06:30:00	11:30:00	650.00
2f0c4fff-379b-46ce-a6aa-9afaf68ac64d	26898d1c-4f27-45d3-91d6-036126361c5a	f23af79d-ebd1-4311-ada9-5642316c8cf3	2025-11-15 00:00:00+06	06:00:00	12:00:00	700.00
44fcc491-70ae-40c1-9b6f-6d6ebaed1020	60d21c3d-062d-4856-a2b2-44677fb2c746	4985fc97-db61-434f-b814-fbe201c91b50	2025-11-15 00:00:00+06	07:00:00	18:00:00	1500.00
fca691ea-0669-4a4b-aa9d-508329ef96f6	86108a52-62de-4ee5-9a3f-0591d95c0af3	c30b6e6b-e9aa-4261-a39b-42b7cc984539	2025-11-15 00:00:00+06	05:30:00	12:00:00	900.00
f7ccb731-b034-47b3-af12-a0b3ffbe7b0f	817dd252-e021-4670-84f0-0092ffeffd26	87a3da66-ed34-4caf-b9ca-47338af24485	2025-11-15 00:00:00+06	08:30:00	16:00:00	850.00
462e4e92-f828-4cfd-8d2e-c9fedcf16fdc	e3f089eb-13b6-468c-9a06-88f0df1dd7cf	3ce116cf-8a06-4048-8f1d-1abfbac6b131	2025-11-16 00:00:00+06	06:00:00	13:30:00	700.00
c89fe847-8d86-4c74-9dbd-6ca7f033ad27	c8134a23-9b23-46eb-81ec-e7b07ff56a4d	3ce116cf-8a06-4048-8f1d-1abfbac6b131	2025-11-16 00:00:00+06	08:00:00	15:30:00	750.00
16ed4d22-a488-44cb-89b8-d4edc1aaba0c	83343aad-7e7f-4e6d-9d22-22ed2aaee501	ed1a7bab-d249-4f3d-8b5f-085deeac2c1e	2025-11-16 00:00:00+06	06:30:00	11:30:00	650.00
6c7573b8-c299-420e-8ff3-11ba4b795901	26898d1c-4f27-45d3-91d6-036126361c5a	f23af79d-ebd1-4311-ada9-5642316c8cf3	2025-11-16 00:00:00+06	06:00:00	12:00:00	700.00
31e4a947-a833-4a49-b23b-b380ccc0316d	60d21c3d-062d-4856-a2b2-44677fb2c746	4985fc97-db61-434f-b814-fbe201c91b50	2025-11-16 00:00:00+06	07:00:00	18:00:00	1500.00
a4d47b43-cb47-45ff-b9d8-68095906606b	86108a52-62de-4ee5-9a3f-0591d95c0af3	c30b6e6b-e9aa-4261-a39b-42b7cc984539	2025-11-16 00:00:00+06	05:30:00	12:00:00	900.00
f1c21f58-5633-4604-ab19-5e9fb213aaf4	817dd252-e021-4670-84f0-0092ffeffd26	87a3da66-ed34-4caf-b9ca-47338af24485	2025-11-16 00:00:00+06	08:30:00	16:00:00	850.00
9aa507d2-ce3d-465e-bc97-0fe301f9ff1c	e3f089eb-13b6-468c-9a06-88f0df1dd7cf	3ce116cf-8a06-4048-8f1d-1abfbac6b131	2025-11-17 00:00:00+06	06:00:00	13:30:00	700.00
a0e1f5f2-ab1f-4517-a214-bf2a6428bee3	c8134a23-9b23-46eb-81ec-e7b07ff56a4d	3ce116cf-8a06-4048-8f1d-1abfbac6b131	2025-11-17 00:00:00+06	08:00:00	15:30:00	750.00
9ca15595-2fd8-4503-add5-ec1c2e8d319e	83343aad-7e7f-4e6d-9d22-22ed2aaee501	ed1a7bab-d249-4f3d-8b5f-085deeac2c1e	2025-11-17 00:00:00+06	06:30:00	11:30:00	650.00
0e3f8ae6-79a6-4b5e-918f-02b50f41cb63	26898d1c-4f27-45d3-91d6-036126361c5a	f23af79d-ebd1-4311-ada9-5642316c8cf3	2025-11-17 00:00:00+06	06:00:00	12:00:00	700.00
e77ed3e9-1415-468f-8f1f-4d499212f48c	60d21c3d-062d-4856-a2b2-44677fb2c746	4985fc97-db61-434f-b814-fbe201c91b50	2025-11-17 00:00:00+06	07:00:00	18:00:00	1500.00
3c30eaf0-2891-4055-8dff-39f7c208ce78	86108a52-62de-4ee5-9a3f-0591d95c0af3	c30b6e6b-e9aa-4261-a39b-42b7cc984539	2025-11-17 00:00:00+06	05:30:00	12:00:00	900.00
c931586d-086f-4abc-a60e-1985fac61b8b	817dd252-e021-4670-84f0-0092ffeffd26	87a3da66-ed34-4caf-b9ca-47338af24485	2025-11-17 00:00:00+06	08:30:00	16:00:00	850.00
de8c75c7-65b6-427e-a14d-cdad49c6a751	e3f089eb-13b6-468c-9a06-88f0df1dd7cf	3ce116cf-8a06-4048-8f1d-1abfbac6b131	2025-11-18 00:00:00+06	06:00:00	13:30:00	700.00
8e63c780-9781-4989-8a69-3eef6f687d34	c8134a23-9b23-46eb-81ec-e7b07ff56a4d	3ce116cf-8a06-4048-8f1d-1abfbac6b131	2025-11-18 00:00:00+06	08:00:00	15:30:00	750.00
cbe962d7-82cc-497f-a10e-fdf26c17d366	83343aad-7e7f-4e6d-9d22-22ed2aaee501	ed1a7bab-d249-4f3d-8b5f-085deeac2c1e	2025-11-18 00:00:00+06	06:30:00	11:30:00	650.00
e6e5536a-1e28-4a53-bd3b-055f193ea102	26898d1c-4f27-45d3-91d6-036126361c5a	f23af79d-ebd1-4311-ada9-5642316c8cf3	2025-11-18 00:00:00+06	06:00:00	12:00:00	700.00
8e810d11-1082-45c2-8967-b6e8752895aa	60d21c3d-062d-4856-a2b2-44677fb2c746	4985fc97-db61-434f-b814-fbe201c91b50	2025-11-18 00:00:00+06	07:00:00	18:00:00	1500.00
32c93965-011a-4391-b830-d324c9574c85	86108a52-62de-4ee5-9a3f-0591d95c0af3	c30b6e6b-e9aa-4261-a39b-42b7cc984539	2025-11-18 00:00:00+06	05:30:00	12:00:00	900.00
f0d55e27-9de5-40df-9039-20ed4e32aee2	817dd252-e021-4670-84f0-0092ffeffd26	87a3da66-ed34-4caf-b9ca-47338af24485	2025-11-18 00:00:00+06	08:30:00	16:00:00	850.00
a7f87079-9d92-469d-9f3e-dd64d055d486	e3f089eb-13b6-468c-9a06-88f0df1dd7cf	3ce116cf-8a06-4048-8f1d-1abfbac6b131	2025-11-19 00:00:00+06	06:00:00	13:30:00	700.00
9ada4232-af65-4745-a35c-07f9ea4456af	c8134a23-9b23-46eb-81ec-e7b07ff56a4d	3ce116cf-8a06-4048-8f1d-1abfbac6b131	2025-11-19 00:00:00+06	08:00:00	15:30:00	750.00
f38b5821-b66f-4935-b04e-b933cea4448d	83343aad-7e7f-4e6d-9d22-22ed2aaee501	ed1a7bab-d249-4f3d-8b5f-085deeac2c1e	2025-11-19 00:00:00+06	06:30:00	11:30:00	650.00
315db521-c1c8-4647-a872-7ac892dfa78c	26898d1c-4f27-45d3-91d6-036126361c5a	f23af79d-ebd1-4311-ada9-5642316c8cf3	2025-11-19 00:00:00+06	06:00:00	12:00:00	700.00
6e79fffa-1ea8-475f-8367-dd09379b4b37	60d21c3d-062d-4856-a2b2-44677fb2c746	4985fc97-db61-434f-b814-fbe201c91b50	2025-11-19 00:00:00+06	07:00:00	18:00:00	1500.00
2b528e1c-94d2-4741-acfd-2b024537c60c	86108a52-62de-4ee5-9a3f-0591d95c0af3	c30b6e6b-e9aa-4261-a39b-42b7cc984539	2025-11-19 00:00:00+06	05:30:00	12:00:00	900.00
8f47cd75-e72e-4140-88f2-08bc4ef03f8e	817dd252-e021-4670-84f0-0092ffeffd26	87a3da66-ed34-4caf-b9ca-47338af24485	2025-11-19 00:00:00+06	08:30:00	16:00:00	850.00
ebc09a40-300e-4c8c-a193-55b48f4c36ed	e3f089eb-13b6-468c-9a06-88f0df1dd7cf	3ce116cf-8a06-4048-8f1d-1abfbac6b131	2025-11-20 00:00:00+06	06:00:00	13:30:00	700.00
60ff07ba-2f14-428b-a5dd-9b11517d0d9a	c8134a23-9b23-46eb-81ec-e7b07ff56a4d	3ce116cf-8a06-4048-8f1d-1abfbac6b131	2025-11-20 00:00:00+06	08:00:00	15:30:00	750.00
a233fff0-f5d2-4eda-a3ce-6d6ef0b16584	83343aad-7e7f-4e6d-9d22-22ed2aaee501	ed1a7bab-d249-4f3d-8b5f-085deeac2c1e	2025-11-20 00:00:00+06	06:30:00	11:30:00	650.00
979efb0b-d96b-4fbb-bd86-819240d5251e	26898d1c-4f27-45d3-91d6-036126361c5a	f23af79d-ebd1-4311-ada9-5642316c8cf3	2025-11-20 00:00:00+06	06:00:00	12:00:00	700.00
1b44aa02-2d85-4ce2-a1e6-6784fc3fc2bf	60d21c3d-062d-4856-a2b2-44677fb2c746	4985fc97-db61-434f-b814-fbe201c91b50	2025-11-20 00:00:00+06	07:00:00	18:00:00	1500.00
af3d2868-65ba-4f01-a08c-84a293ac7d70	86108a52-62de-4ee5-9a3f-0591d95c0af3	c30b6e6b-e9aa-4261-a39b-42b7cc984539	2025-11-20 00:00:00+06	05:30:00	12:00:00	900.00
96643976-cd2e-43c0-a834-57136e260e63	817dd252-e021-4670-84f0-0092ffeffd26	87a3da66-ed34-4caf-b9ca-47338af24485	2025-11-20 00:00:00+06	08:30:00	16:00:00	850.00
fc231e69-fc57-4dc6-a62b-9c080f609793	e3f089eb-13b6-468c-9a06-88f0df1dd7cf	3ce116cf-8a06-4048-8f1d-1abfbac6b131	2025-11-21 00:00:00+06	06:00:00	13:30:00	700.00
5b4eb1b2-42b7-4cb9-8539-e24d55786b7f	c8134a23-9b23-46eb-81ec-e7b07ff56a4d	3ce116cf-8a06-4048-8f1d-1abfbac6b131	2025-11-21 00:00:00+06	08:00:00	15:30:00	750.00
f26e9ef1-7fae-4593-bd39-d392bd9b2eb9	83343aad-7e7f-4e6d-9d22-22ed2aaee501	ed1a7bab-d249-4f3d-8b5f-085deeac2c1e	2025-11-21 00:00:00+06	06:30:00	11:30:00	650.00
b3bc1a42-8145-48b1-a8b9-896eac521816	26898d1c-4f27-45d3-91d6-036126361c5a	f23af79d-ebd1-4311-ada9-5642316c8cf3	2025-11-21 00:00:00+06	06:00:00	12:00:00	700.00
afcbaef4-658d-47b7-b5c3-afba2832cf07	60d21c3d-062d-4856-a2b2-44677fb2c746	4985fc97-db61-434f-b814-fbe201c91b50	2025-11-21 00:00:00+06	07:00:00	18:00:00	1500.00
07a3bcf8-d998-4385-bde2-7cf8b4ec19e6	86108a52-62de-4ee5-9a3f-0591d95c0af3	c30b6e6b-e9aa-4261-a39b-42b7cc984539	2025-11-21 00:00:00+06	05:30:00	12:00:00	900.00
66239937-16b2-4f77-beeb-6353b0fee285	817dd252-e021-4670-84f0-0092ffeffd26	87a3da66-ed34-4caf-b9ca-47338af24485	2025-11-21 00:00:00+06	08:30:00	16:00:00	850.00
b01f9c9b-6844-4e62-8491-7f907cf6f224	e3f089eb-13b6-468c-9a06-88f0df1dd7cf	3ce116cf-8a06-4048-8f1d-1abfbac6b131	2025-11-22 00:00:00+06	06:00:00	13:30:00	700.00
6300f4d9-7c16-42bc-bb6a-615e9dbe84cd	c8134a23-9b23-46eb-81ec-e7b07ff56a4d	3ce116cf-8a06-4048-8f1d-1abfbac6b131	2025-11-22 00:00:00+06	08:00:00	15:30:00	750.00
c01cc603-f9de-4990-942f-b15c81612b8b	83343aad-7e7f-4e6d-9d22-22ed2aaee501	ed1a7bab-d249-4f3d-8b5f-085deeac2c1e	2025-11-22 00:00:00+06	06:30:00	11:30:00	650.00
73d97e71-d9e9-444a-99b7-48e43f70b3f9	26898d1c-4f27-45d3-91d6-036126361c5a	f23af79d-ebd1-4311-ada9-5642316c8cf3	2025-11-22 00:00:00+06	06:00:00	12:00:00	700.00
c8b2fd53-ec9e-4f69-b413-c0fbbb02c59b	60d21c3d-062d-4856-a2b2-44677fb2c746	4985fc97-db61-434f-b814-fbe201c91b50	2025-11-22 00:00:00+06	07:00:00	18:00:00	1500.00
6c7814b8-341b-4143-b4f1-9c871aadccb1	86108a52-62de-4ee5-9a3f-0591d95c0af3	c30b6e6b-e9aa-4261-a39b-42b7cc984539	2025-11-22 00:00:00+06	05:30:00	12:00:00	900.00
fdbae7d7-95e2-4a2b-8c89-0d4f9006bb71	817dd252-e021-4670-84f0-0092ffeffd26	87a3da66-ed34-4caf-b9ca-47338af24485	2025-11-22 00:00:00+06	08:30:00	16:00:00	850.00
26e09076-7962-4017-8b13-a76d586682b4	e3f089eb-13b6-468c-9a06-88f0df1dd7cf	3ce116cf-8a06-4048-8f1d-1abfbac6b131	2025-11-23 00:00:00+06	06:00:00	13:30:00	700.00
3d13092b-9bd0-49d4-8a46-20f6d345a501	c8134a23-9b23-46eb-81ec-e7b07ff56a4d	3ce116cf-8a06-4048-8f1d-1abfbac6b131	2025-11-23 00:00:00+06	08:00:00	15:30:00	750.00
552608aa-da8b-4bd3-b022-296548ba15c2	83343aad-7e7f-4e6d-9d22-22ed2aaee501	ed1a7bab-d249-4f3d-8b5f-085deeac2c1e	2025-11-23 00:00:00+06	06:30:00	11:30:00	650.00
26ed4974-fba9-4f16-bf5d-123fd41db56a	26898d1c-4f27-45d3-91d6-036126361c5a	f23af79d-ebd1-4311-ada9-5642316c8cf3	2025-11-23 00:00:00+06	06:00:00	12:00:00	700.00
72bde96f-989f-4a6a-a41d-d4e0f81e8f17	60d21c3d-062d-4856-a2b2-44677fb2c746	4985fc97-db61-434f-b814-fbe201c91b50	2025-11-23 00:00:00+06	07:00:00	18:00:00	1500.00
77d9f03c-4f68-4bc9-a672-0654a0515ffe	86108a52-62de-4ee5-9a3f-0591d95c0af3	c30b6e6b-e9aa-4261-a39b-42b7cc984539	2025-11-23 00:00:00+06	05:30:00	12:00:00	900.00
2540b06e-6602-4d91-8eb2-77434db20127	817dd252-e021-4670-84f0-0092ffeffd26	87a3da66-ed34-4caf-b9ca-47338af24485	2025-11-23 00:00:00+06	08:30:00	16:00:00	850.00
0abc9d47-a7be-41cc-805b-81bfa50a51c9	e3f089eb-13b6-468c-9a06-88f0df1dd7cf	3ce116cf-8a06-4048-8f1d-1abfbac6b131	2025-11-24 00:00:00+06	06:00:00	13:30:00	700.00
b50a31ee-b506-48f8-bf95-8fccd08ab103	c8134a23-9b23-46eb-81ec-e7b07ff56a4d	3ce116cf-8a06-4048-8f1d-1abfbac6b131	2025-11-24 00:00:00+06	08:00:00	15:30:00	750.00
8b4223e7-41fb-4605-96ed-5356fd83a2ae	83343aad-7e7f-4e6d-9d22-22ed2aaee501	ed1a7bab-d249-4f3d-8b5f-085deeac2c1e	2025-11-24 00:00:00+06	06:30:00	11:30:00	650.00
39f5ac0f-e0d2-4ef8-97bc-e15ff1daf777	26898d1c-4f27-45d3-91d6-036126361c5a	f23af79d-ebd1-4311-ada9-5642316c8cf3	2025-11-24 00:00:00+06	06:00:00	12:00:00	700.00
173973cd-3fac-4459-9640-c212b7d08f9d	60d21c3d-062d-4856-a2b2-44677fb2c746	4985fc97-db61-434f-b814-fbe201c91b50	2025-11-24 00:00:00+06	07:00:00	18:00:00	1500.00
fbee9430-6f2c-4f97-830b-a0acfaea8bd7	86108a52-62de-4ee5-9a3f-0591d95c0af3	c30b6e6b-e9aa-4261-a39b-42b7cc984539	2025-11-24 00:00:00+06	05:30:00	12:00:00	900.00
70c27f57-2ca5-4080-9cd4-de5d24669c78	817dd252-e021-4670-84f0-0092ffeffd26	87a3da66-ed34-4caf-b9ca-47338af24485	2025-11-24 00:00:00+06	08:30:00	16:00:00	850.00
59c593bc-582a-47d1-9475-0201805dee6c	e3f089eb-13b6-468c-9a06-88f0df1dd7cf	3ce116cf-8a06-4048-8f1d-1abfbac6b131	2025-11-25 00:00:00+06	06:00:00	13:30:00	700.00
a971eccd-d635-4b4b-9484-fbd6f7bf115b	c8134a23-9b23-46eb-81ec-e7b07ff56a4d	3ce116cf-8a06-4048-8f1d-1abfbac6b131	2025-11-25 00:00:00+06	08:00:00	15:30:00	750.00
d40acab6-83d3-425e-9864-54ba068733b8	83343aad-7e7f-4e6d-9d22-22ed2aaee501	ed1a7bab-d249-4f3d-8b5f-085deeac2c1e	2025-11-25 00:00:00+06	06:30:00	11:30:00	650.00
6365cd1b-5e9d-43bf-b90b-0b99949ca7a8	26898d1c-4f27-45d3-91d6-036126361c5a	f23af79d-ebd1-4311-ada9-5642316c8cf3	2025-11-25 00:00:00+06	06:00:00	12:00:00	700.00
c4d05f04-421f-4277-8b8d-d6e61dfdb0d1	60d21c3d-062d-4856-a2b2-44677fb2c746	4985fc97-db61-434f-b814-fbe201c91b50	2025-11-25 00:00:00+06	07:00:00	18:00:00	1500.00
a651a7e6-5604-4c60-b38f-11c576dbfaf6	86108a52-62de-4ee5-9a3f-0591d95c0af3	c30b6e6b-e9aa-4261-a39b-42b7cc984539	2025-11-25 00:00:00+06	05:30:00	12:00:00	900.00
ad73b314-ba9f-44c1-9ae2-b5d3db7a833c	817dd252-e021-4670-84f0-0092ffeffd26	87a3da66-ed34-4caf-b9ca-47338af24485	2025-11-25 00:00:00+06	08:30:00	16:00:00	850.00
17a28fe7-197a-4732-9fc6-f973d6fe76f1	e3f089eb-13b6-468c-9a06-88f0df1dd7cf	3ce116cf-8a06-4048-8f1d-1abfbac6b131	2025-11-26 00:00:00+06	06:00:00	13:30:00	700.00
01b5240e-fbb9-4831-876a-2d480b17465b	c8134a23-9b23-46eb-81ec-e7b07ff56a4d	3ce116cf-8a06-4048-8f1d-1abfbac6b131	2025-11-26 00:00:00+06	08:00:00	15:30:00	750.00
c4b0d8d1-c97c-48ba-9afe-d55810d4f864	83343aad-7e7f-4e6d-9d22-22ed2aaee501	ed1a7bab-d249-4f3d-8b5f-085deeac2c1e	2025-11-26 00:00:00+06	06:30:00	11:30:00	650.00
05538625-a940-4e82-a89c-c4ba26f25c95	26898d1c-4f27-45d3-91d6-036126361c5a	f23af79d-ebd1-4311-ada9-5642316c8cf3	2025-11-26 00:00:00+06	06:00:00	12:00:00	700.00
fc1e7958-1980-4d76-ac76-0e9ab4cbbdc1	60d21c3d-062d-4856-a2b2-44677fb2c746	4985fc97-db61-434f-b814-fbe201c91b50	2025-11-26 00:00:00+06	07:00:00	18:00:00	1500.00
25a50006-ee9a-463f-b383-5e64ab661a67	86108a52-62de-4ee5-9a3f-0591d95c0af3	c30b6e6b-e9aa-4261-a39b-42b7cc984539	2025-11-26 00:00:00+06	05:30:00	12:00:00	900.00
d11f4de1-8903-409d-9eba-639d606ab196	817dd252-e021-4670-84f0-0092ffeffd26	87a3da66-ed34-4caf-b9ca-47338af24485	2025-11-26 00:00:00+06	08:30:00	16:00:00	850.00
b699a4e9-e205-4e85-bae0-4ee57c7fb157	e3f089eb-13b6-468c-9a06-88f0df1dd7cf	3ce116cf-8a06-4048-8f1d-1abfbac6b131	2025-11-27 00:00:00+06	06:00:00	13:30:00	700.00
7dbbb1e4-b01f-49fd-ada8-fb3508d34c6a	c8134a23-9b23-46eb-81ec-e7b07ff56a4d	3ce116cf-8a06-4048-8f1d-1abfbac6b131	2025-11-27 00:00:00+06	08:00:00	15:30:00	750.00
ec888e60-2d0b-47b3-a28f-ba65bda40e2b	83343aad-7e7f-4e6d-9d22-22ed2aaee501	ed1a7bab-d249-4f3d-8b5f-085deeac2c1e	2025-11-27 00:00:00+06	06:30:00	11:30:00	650.00
48e330a0-2f8e-405b-b69b-ae90a3faaee3	26898d1c-4f27-45d3-91d6-036126361c5a	f23af79d-ebd1-4311-ada9-5642316c8cf3	2025-11-27 00:00:00+06	06:00:00	12:00:00	700.00
a928bff3-efc0-4ae2-8dbf-4db7803f53b9	60d21c3d-062d-4856-a2b2-44677fb2c746	4985fc97-db61-434f-b814-fbe201c91b50	2025-11-27 00:00:00+06	07:00:00	18:00:00	1500.00
97729dc1-2d69-4d85-aa53-1a33f8e21716	86108a52-62de-4ee5-9a3f-0591d95c0af3	c30b6e6b-e9aa-4261-a39b-42b7cc984539	2025-11-27 00:00:00+06	05:30:00	12:00:00	900.00
b6470533-8e73-4e8d-a67e-dfd80b45cb98	817dd252-e021-4670-84f0-0092ffeffd26	87a3da66-ed34-4caf-b9ca-47338af24485	2025-11-27 00:00:00+06	08:30:00	16:00:00	850.00
30c51f72-5fb7-47f6-b43c-2ec55960c430	e3f089eb-13b6-468c-9a06-88f0df1dd7cf	3ce116cf-8a06-4048-8f1d-1abfbac6b131	2025-11-28 00:00:00+06	06:00:00	13:30:00	700.00
f7c1c1bb-2e4b-4f8e-87bb-0895a7d6b535	c8134a23-9b23-46eb-81ec-e7b07ff56a4d	3ce116cf-8a06-4048-8f1d-1abfbac6b131	2025-11-28 00:00:00+06	08:00:00	15:30:00	750.00
f03afadf-f3de-49ce-9c2c-5843472deae8	83343aad-7e7f-4e6d-9d22-22ed2aaee501	ed1a7bab-d249-4f3d-8b5f-085deeac2c1e	2025-11-28 00:00:00+06	06:30:00	11:30:00	650.00
fbb6d264-c0fc-41e1-905c-9ce737556f21	26898d1c-4f27-45d3-91d6-036126361c5a	f23af79d-ebd1-4311-ada9-5642316c8cf3	2025-11-28 00:00:00+06	06:00:00	12:00:00	700.00
a9241232-314a-4c86-a657-44a00568c0e1	60d21c3d-062d-4856-a2b2-44677fb2c746	4985fc97-db61-434f-b814-fbe201c91b50	2025-11-28 00:00:00+06	07:00:00	18:00:00	1500.00
af12155c-dcd3-4eb2-beb8-6ec4acf744b3	86108a52-62de-4ee5-9a3f-0591d95c0af3	c30b6e6b-e9aa-4261-a39b-42b7cc984539	2025-11-28 00:00:00+06	05:30:00	12:00:00	900.00
60b23492-3144-4d88-a7f1-412c2763ac77	817dd252-e021-4670-84f0-0092ffeffd26	87a3da66-ed34-4caf-b9ca-47338af24485	2025-11-28 00:00:00+06	08:30:00	16:00:00	850.00
1b5b2800-44e8-4b9b-ab6a-babe7dbba0d3	e3f089eb-13b6-468c-9a06-88f0df1dd7cf	3ce116cf-8a06-4048-8f1d-1abfbac6b131	2025-11-29 00:00:00+06	06:00:00	13:30:00	700.00
dcb11f78-dc9e-436e-ae6f-ee08696566fa	c8134a23-9b23-46eb-81ec-e7b07ff56a4d	3ce116cf-8a06-4048-8f1d-1abfbac6b131	2025-11-29 00:00:00+06	08:00:00	15:30:00	750.00
8398d4f9-8740-4a99-8945-63e949cb8922	83343aad-7e7f-4e6d-9d22-22ed2aaee501	ed1a7bab-d249-4f3d-8b5f-085deeac2c1e	2025-11-29 00:00:00+06	06:30:00	11:30:00	650.00
db039346-9667-48b2-86c6-c09e5b84f0d5	26898d1c-4f27-45d3-91d6-036126361c5a	f23af79d-ebd1-4311-ada9-5642316c8cf3	2025-11-29 00:00:00+06	06:00:00	12:00:00	700.00
f26e84a0-365e-4ac3-85f5-05f1e8891eb5	60d21c3d-062d-4856-a2b2-44677fb2c746	4985fc97-db61-434f-b814-fbe201c91b50	2025-11-29 00:00:00+06	07:00:00	18:00:00	1500.00
43bfa01e-44d2-4768-b5e8-6273af04680f	86108a52-62de-4ee5-9a3f-0591d95c0af3	c30b6e6b-e9aa-4261-a39b-42b7cc984539	2025-11-29 00:00:00+06	05:30:00	12:00:00	900.00
344dc41f-98f6-4c1c-81ec-2252925c9225	817dd252-e021-4670-84f0-0092ffeffd26	87a3da66-ed34-4caf-b9ca-47338af24485	2025-11-29 00:00:00+06	08:30:00	16:00:00	850.00
be345353-ca37-4766-9ed1-94880b924d07	e3f089eb-13b6-468c-9a06-88f0df1dd7cf	3ce116cf-8a06-4048-8f1d-1abfbac6b131	2025-11-30 00:00:00+06	06:00:00	13:30:00	700.00
ed6b1400-abd4-440e-a1a0-d4b15eb926fe	c8134a23-9b23-46eb-81ec-e7b07ff56a4d	3ce116cf-8a06-4048-8f1d-1abfbac6b131	2025-11-30 00:00:00+06	08:00:00	15:30:00	750.00
21a6f5f5-b980-43a9-8f42-856a5a40b983	83343aad-7e7f-4e6d-9d22-22ed2aaee501	ed1a7bab-d249-4f3d-8b5f-085deeac2c1e	2025-11-30 00:00:00+06	06:30:00	11:30:00	650.00
12cb81be-6600-46cf-80ed-171f908d95ca	26898d1c-4f27-45d3-91d6-036126361c5a	f23af79d-ebd1-4311-ada9-5642316c8cf3	2025-11-30 00:00:00+06	06:00:00	12:00:00	700.00
da07643a-ed8a-4013-9248-12660ec5cbf3	60d21c3d-062d-4856-a2b2-44677fb2c746	4985fc97-db61-434f-b814-fbe201c91b50	2025-11-30 00:00:00+06	07:00:00	18:00:00	1500.00
4be6dc9c-8667-4c04-a058-9dcf3d4ecd35	86108a52-62de-4ee5-9a3f-0591d95c0af3	c30b6e6b-e9aa-4261-a39b-42b7cc984539	2025-11-30 00:00:00+06	05:30:00	12:00:00	900.00
0c1a2ccb-e291-487a-99f6-20360501a9c8	817dd252-e021-4670-84f0-0092ffeffd26	87a3da66-ed34-4caf-b9ca-47338af24485	2025-11-30 00:00:00+06	08:30:00	16:00:00	850.00
357c2f1b-8836-4616-9258-f1841b52c9eb	e3f089eb-13b6-468c-9a06-88f0df1dd7cf	3ce116cf-8a06-4048-8f1d-1abfbac6b131	2025-12-01 00:00:00+06	06:00:00	13:30:00	700.00
b3409452-0d40-4756-b4d5-44b459c39c7f	c8134a23-9b23-46eb-81ec-e7b07ff56a4d	3ce116cf-8a06-4048-8f1d-1abfbac6b131	2025-12-01 00:00:00+06	08:00:00	15:30:00	750.00
8c544158-225c-4df9-9582-41525b3ba4d2	83343aad-7e7f-4e6d-9d22-22ed2aaee501	ed1a7bab-d249-4f3d-8b5f-085deeac2c1e	2025-12-01 00:00:00+06	06:30:00	11:30:00	650.00
02858209-8255-4117-9bcf-296447f7d0ad	26898d1c-4f27-45d3-91d6-036126361c5a	f23af79d-ebd1-4311-ada9-5642316c8cf3	2025-12-01 00:00:00+06	06:00:00	12:00:00	700.00
2990dd49-af2b-4e1e-841b-0239f4cea2e3	60d21c3d-062d-4856-a2b2-44677fb2c746	4985fc97-db61-434f-b814-fbe201c91b50	2025-12-01 00:00:00+06	07:00:00	18:00:00	1500.00
fe2a40a6-2d8a-4f1d-93a0-16385f0b84ef	86108a52-62de-4ee5-9a3f-0591d95c0af3	c30b6e6b-e9aa-4261-a39b-42b7cc984539	2025-12-01 00:00:00+06	05:30:00	12:00:00	900.00
666d54ba-ff91-4446-9af2-fc0a2850d042	817dd252-e021-4670-84f0-0092ffeffd26	87a3da66-ed34-4caf-b9ca-47338af24485	2025-12-01 00:00:00+06	08:30:00	16:00:00	850.00
beec5c82-b318-4e0d-b91b-3626770ab833	e3f089eb-13b6-468c-9a06-88f0df1dd7cf	3ce116cf-8a06-4048-8f1d-1abfbac6b131	2025-12-02 00:00:00+06	06:00:00	13:30:00	700.00
63238a72-a860-4b0a-95a1-fc0d7d767c9b	c8134a23-9b23-46eb-81ec-e7b07ff56a4d	3ce116cf-8a06-4048-8f1d-1abfbac6b131	2025-12-02 00:00:00+06	08:00:00	15:30:00	750.00
746c98e3-8193-4b88-ac69-335df64abdf1	83343aad-7e7f-4e6d-9d22-22ed2aaee501	ed1a7bab-d249-4f3d-8b5f-085deeac2c1e	2025-12-02 00:00:00+06	06:30:00	11:30:00	650.00
3a4518f3-36a5-40a3-8c32-d9823db375af	26898d1c-4f27-45d3-91d6-036126361c5a	f23af79d-ebd1-4311-ada9-5642316c8cf3	2025-12-02 00:00:00+06	06:00:00	12:00:00	700.00
2b67cfab-d15f-4920-ba9e-cfea66798c35	60d21c3d-062d-4856-a2b2-44677fb2c746	4985fc97-db61-434f-b814-fbe201c91b50	2025-12-02 00:00:00+06	07:00:00	18:00:00	1500.00
191e4b1c-cd34-41e1-893c-d9f4aab1a263	86108a52-62de-4ee5-9a3f-0591d95c0af3	c30b6e6b-e9aa-4261-a39b-42b7cc984539	2025-12-02 00:00:00+06	05:30:00	12:00:00	900.00
0f76f9d3-07b3-4162-8394-ae34d7019fae	817dd252-e021-4670-84f0-0092ffeffd26	87a3da66-ed34-4caf-b9ca-47338af24485	2025-12-02 00:00:00+06	08:30:00	16:00:00	850.00
7a1d20d8-1e1a-455a-93f4-796f549db654	e3f089eb-13b6-468c-9a06-88f0df1dd7cf	3ce116cf-8a06-4048-8f1d-1abfbac6b131	2025-12-03 00:00:00+06	06:00:00	13:30:00	700.00
65863df6-02f5-4ed4-bf57-89d98c6c7e67	c8134a23-9b23-46eb-81ec-e7b07ff56a4d	3ce116cf-8a06-4048-8f1d-1abfbac6b131	2025-12-03 00:00:00+06	08:00:00	15:30:00	750.00
f7db6a7c-191d-46ba-a2fc-a07b74246ffc	83343aad-7e7f-4e6d-9d22-22ed2aaee501	ed1a7bab-d249-4f3d-8b5f-085deeac2c1e	2025-12-03 00:00:00+06	06:30:00	11:30:00	650.00
6a4fdf88-6277-45c1-ac6e-b750e0783268	26898d1c-4f27-45d3-91d6-036126361c5a	f23af79d-ebd1-4311-ada9-5642316c8cf3	2025-12-03 00:00:00+06	06:00:00	12:00:00	700.00
1f5056ee-2b10-45a8-bb6c-0e1919c86968	60d21c3d-062d-4856-a2b2-44677fb2c746	4985fc97-db61-434f-b814-fbe201c91b50	2025-12-03 00:00:00+06	07:00:00	18:00:00	1500.00
59b7ab58-4ec5-4ddc-a212-d786972c4abd	86108a52-62de-4ee5-9a3f-0591d95c0af3	c30b6e6b-e9aa-4261-a39b-42b7cc984539	2025-12-03 00:00:00+06	05:30:00	12:00:00	900.00
363c0f60-01f1-4efc-85dd-369867a46331	817dd252-e021-4670-84f0-0092ffeffd26	87a3da66-ed34-4caf-b9ca-47338af24485	2025-12-03 00:00:00+06	08:30:00	16:00:00	850.00
6312fe1e-cc12-4933-a907-d05dfb656075	e3f089eb-13b6-468c-9a06-88f0df1dd7cf	3ce116cf-8a06-4048-8f1d-1abfbac6b131	2025-12-04 00:00:00+06	06:00:00	13:30:00	700.00
d2cc41bc-81a1-443e-80cc-b49eacf470ed	c8134a23-9b23-46eb-81ec-e7b07ff56a4d	3ce116cf-8a06-4048-8f1d-1abfbac6b131	2025-12-04 00:00:00+06	08:00:00	15:30:00	750.00
50f33330-2f06-4004-9c71-57f003f79f07	83343aad-7e7f-4e6d-9d22-22ed2aaee501	ed1a7bab-d249-4f3d-8b5f-085deeac2c1e	2025-12-04 00:00:00+06	06:30:00	11:30:00	650.00
383b1304-6735-4378-b4d2-fb432954c32f	26898d1c-4f27-45d3-91d6-036126361c5a	f23af79d-ebd1-4311-ada9-5642316c8cf3	2025-12-04 00:00:00+06	06:00:00	12:00:00	700.00
c7d3df2b-e8b1-4e78-811d-cc1985f580da	60d21c3d-062d-4856-a2b2-44677fb2c746	4985fc97-db61-434f-b814-fbe201c91b50	2025-12-04 00:00:00+06	07:00:00	18:00:00	1500.00
af9086f5-db60-4870-a173-414c1fded6a2	86108a52-62de-4ee5-9a3f-0591d95c0af3	c30b6e6b-e9aa-4261-a39b-42b7cc984539	2025-12-04 00:00:00+06	05:30:00	12:00:00	900.00
607d3661-cfa7-490b-adcb-fa2a897cc4b1	817dd252-e021-4670-84f0-0092ffeffd26	87a3da66-ed34-4caf-b9ca-47338af24485	2025-12-04 00:00:00+06	08:30:00	16:00:00	850.00
9bc80c5a-4114-4674-b21a-c3fc13f49445	e3f089eb-13b6-468c-9a06-88f0df1dd7cf	3ce116cf-8a06-4048-8f1d-1abfbac6b131	2025-12-05 00:00:00+06	06:00:00	13:30:00	700.00
77a60021-30f9-4c80-a010-9c23ccb9be0a	c8134a23-9b23-46eb-81ec-e7b07ff56a4d	3ce116cf-8a06-4048-8f1d-1abfbac6b131	2025-12-05 00:00:00+06	08:00:00	15:30:00	750.00
4404f659-7d08-4d6b-b511-05963705dd09	83343aad-7e7f-4e6d-9d22-22ed2aaee501	ed1a7bab-d249-4f3d-8b5f-085deeac2c1e	2025-12-05 00:00:00+06	06:30:00	11:30:00	650.00
1caf2e4e-f3f3-4d9c-ad7e-76f6ba3ccd14	26898d1c-4f27-45d3-91d6-036126361c5a	f23af79d-ebd1-4311-ada9-5642316c8cf3	2025-12-05 00:00:00+06	06:00:00	12:00:00	700.00
f117980e-f0f7-4214-87bc-5868772ec859	60d21c3d-062d-4856-a2b2-44677fb2c746	4985fc97-db61-434f-b814-fbe201c91b50	2025-12-05 00:00:00+06	07:00:00	18:00:00	1500.00
2f68b208-36a5-4424-8955-5c143f9bb927	86108a52-62de-4ee5-9a3f-0591d95c0af3	c30b6e6b-e9aa-4261-a39b-42b7cc984539	2025-12-05 00:00:00+06	05:30:00	12:00:00	900.00
85008bce-5e51-4d8c-a6a6-d43c1fd9ab9b	817dd252-e021-4670-84f0-0092ffeffd26	87a3da66-ed34-4caf-b9ca-47338af24485	2025-12-05 00:00:00+06	08:30:00	16:00:00	850.00
81f48c2b-d1d9-43d9-871c-55fb9fdd84c6	e3f089eb-13b6-468c-9a06-88f0df1dd7cf	3ce116cf-8a06-4048-8f1d-1abfbac6b131	2025-12-06 00:00:00+06	06:00:00	13:30:00	700.00
174cdd1a-44fa-42df-b3d4-95a74438325a	c8134a23-9b23-46eb-81ec-e7b07ff56a4d	3ce116cf-8a06-4048-8f1d-1abfbac6b131	2025-12-06 00:00:00+06	08:00:00	15:30:00	750.00
72afe363-190d-4580-8075-bff44f17b3cf	83343aad-7e7f-4e6d-9d22-22ed2aaee501	ed1a7bab-d249-4f3d-8b5f-085deeac2c1e	2025-12-06 00:00:00+06	06:30:00	11:30:00	650.00
a9f6f17b-3f74-4519-8af0-fc05fde36d4f	26898d1c-4f27-45d3-91d6-036126361c5a	f23af79d-ebd1-4311-ada9-5642316c8cf3	2025-12-06 00:00:00+06	06:00:00	12:00:00	700.00
1d9a94df-bea9-456b-be4b-df5c03c3e55a	60d21c3d-062d-4856-a2b2-44677fb2c746	4985fc97-db61-434f-b814-fbe201c91b50	2025-12-06 00:00:00+06	07:00:00	18:00:00	1500.00
b11a5229-e3ed-40ef-9bd0-ef35e8c75d86	86108a52-62de-4ee5-9a3f-0591d95c0af3	c30b6e6b-e9aa-4261-a39b-42b7cc984539	2025-12-06 00:00:00+06	05:30:00	12:00:00	900.00
894c41bc-cb5c-4031-9170-6646068e7426	817dd252-e021-4670-84f0-0092ffeffd26	87a3da66-ed34-4caf-b9ca-47338af24485	2025-12-06 00:00:00+06	08:30:00	16:00:00	850.00
8c7ab1d6-1fda-428a-8ee0-1215ee06e250	e3f089eb-13b6-468c-9a06-88f0df1dd7cf	3ce116cf-8a06-4048-8f1d-1abfbac6b131	2025-12-07 00:00:00+06	06:00:00	13:30:00	700.00
86be391e-0268-43f0-8ab5-3e00fbf347b4	c8134a23-9b23-46eb-81ec-e7b07ff56a4d	3ce116cf-8a06-4048-8f1d-1abfbac6b131	2025-12-07 00:00:00+06	08:00:00	15:30:00	750.00
b9e24544-ba4e-45dd-8d28-71c6c3433a71	83343aad-7e7f-4e6d-9d22-22ed2aaee501	ed1a7bab-d249-4f3d-8b5f-085deeac2c1e	2025-12-07 00:00:00+06	06:30:00	11:30:00	650.00
94e5bbc2-5d33-4e9f-a1ff-2db8dd518a8d	26898d1c-4f27-45d3-91d6-036126361c5a	f23af79d-ebd1-4311-ada9-5642316c8cf3	2025-12-07 00:00:00+06	06:00:00	12:00:00	700.00
19d66e32-596e-445c-8e59-7f6b2503fd88	60d21c3d-062d-4856-a2b2-44677fb2c746	4985fc97-db61-434f-b814-fbe201c91b50	2025-12-07 00:00:00+06	07:00:00	18:00:00	1500.00
59ffef5e-fd3d-46cc-aa24-08c56ef3d70e	86108a52-62de-4ee5-9a3f-0591d95c0af3	c30b6e6b-e9aa-4261-a39b-42b7cc984539	2025-12-07 00:00:00+06	05:30:00	12:00:00	900.00
edd27d9e-a182-4c8b-b211-cc40ba703394	817dd252-e021-4670-84f0-0092ffeffd26	87a3da66-ed34-4caf-b9ca-47338af24485	2025-12-07 00:00:00+06	08:30:00	16:00:00	850.00
6b9e0667-e8b8-41ea-80c9-710ff379eef2	e3f089eb-13b6-468c-9a06-88f0df1dd7cf	3ce116cf-8a06-4048-8f1d-1abfbac6b131	2025-12-08 00:00:00+06	06:00:00	13:30:00	700.00
051d17a5-a610-4065-a2e8-0b3f5181a1de	c8134a23-9b23-46eb-81ec-e7b07ff56a4d	3ce116cf-8a06-4048-8f1d-1abfbac6b131	2025-12-08 00:00:00+06	08:00:00	15:30:00	750.00
92a817d8-fc14-4fd3-bc09-96f0b1ea990e	83343aad-7e7f-4e6d-9d22-22ed2aaee501	ed1a7bab-d249-4f3d-8b5f-085deeac2c1e	2025-12-08 00:00:00+06	06:30:00	11:30:00	650.00
f9403507-f5cb-4182-8449-714dd9c389a9	26898d1c-4f27-45d3-91d6-036126361c5a	f23af79d-ebd1-4311-ada9-5642316c8cf3	2025-12-08 00:00:00+06	06:00:00	12:00:00	700.00
6138dff6-4bd9-41c9-b3a9-867b4bca405b	60d21c3d-062d-4856-a2b2-44677fb2c746	4985fc97-db61-434f-b814-fbe201c91b50	2025-12-08 00:00:00+06	07:00:00	18:00:00	1500.00
aaf37ee0-650b-40bd-a8c0-8fa9e0c577e8	86108a52-62de-4ee5-9a3f-0591d95c0af3	c30b6e6b-e9aa-4261-a39b-42b7cc984539	2025-12-08 00:00:00+06	05:30:00	12:00:00	900.00
b62aa83d-6154-407a-ac60-ac71e9076cee	817dd252-e021-4670-84f0-0092ffeffd26	87a3da66-ed34-4caf-b9ca-47338af24485	2025-12-08 00:00:00+06	08:30:00	16:00:00	850.00
f299e154-4921-4a0c-a5b9-7572b777c138	e3f089eb-13b6-468c-9a06-88f0df1dd7cf	3ce116cf-8a06-4048-8f1d-1abfbac6b131	2025-12-09 00:00:00+06	06:00:00	13:30:00	700.00
529a2ce8-2ec0-4bb5-a4cd-aa29ba808766	c8134a23-9b23-46eb-81ec-e7b07ff56a4d	3ce116cf-8a06-4048-8f1d-1abfbac6b131	2025-12-09 00:00:00+06	08:00:00	15:30:00	750.00
61ac3a14-0039-42b5-a2ee-f58e2f1c37ff	83343aad-7e7f-4e6d-9d22-22ed2aaee501	ed1a7bab-d249-4f3d-8b5f-085deeac2c1e	2025-12-09 00:00:00+06	06:30:00	11:30:00	650.00
56d06f35-b694-4cd1-b139-ab754e366f3c	26898d1c-4f27-45d3-91d6-036126361c5a	f23af79d-ebd1-4311-ada9-5642316c8cf3	2025-12-09 00:00:00+06	06:00:00	12:00:00	700.00
4a179eb2-f479-4dc3-b2e9-eed6213a11fa	60d21c3d-062d-4856-a2b2-44677fb2c746	4985fc97-db61-434f-b814-fbe201c91b50	2025-12-09 00:00:00+06	07:00:00	18:00:00	1500.00
2d9f5df9-1f2b-4152-bd01-d7509685307d	86108a52-62de-4ee5-9a3f-0591d95c0af3	c30b6e6b-e9aa-4261-a39b-42b7cc984539	2025-12-09 00:00:00+06	05:30:00	12:00:00	900.00
ec9a13a8-210e-476f-9c7d-90acb3121ff9	817dd252-e021-4670-84f0-0092ffeffd26	87a3da66-ed34-4caf-b9ca-47338af24485	2025-12-09 00:00:00+06	08:30:00	16:00:00	850.00
3c154522-da3d-415f-b0ff-eaf293cbdee6	e3f089eb-13b6-468c-9a06-88f0df1dd7cf	3ce116cf-8a06-4048-8f1d-1abfbac6b131	2025-12-10 00:00:00+06	06:00:00	13:30:00	700.00
a302f95a-995d-4c5a-9522-7cedc8a7adf9	c8134a23-9b23-46eb-81ec-e7b07ff56a4d	3ce116cf-8a06-4048-8f1d-1abfbac6b131	2025-12-10 00:00:00+06	08:00:00	15:30:00	750.00
2d75dc6c-a506-4a06-a99d-8408f6595153	83343aad-7e7f-4e6d-9d22-22ed2aaee501	ed1a7bab-d249-4f3d-8b5f-085deeac2c1e	2025-12-10 00:00:00+06	06:30:00	11:30:00	650.00
45d34b7d-dff9-4e93-84dc-fc6a3a653750	26898d1c-4f27-45d3-91d6-036126361c5a	f23af79d-ebd1-4311-ada9-5642316c8cf3	2025-12-10 00:00:00+06	06:00:00	12:00:00	700.00
0b126904-247c-4bed-bc88-02890d1ca6fe	60d21c3d-062d-4856-a2b2-44677fb2c746	4985fc97-db61-434f-b814-fbe201c91b50	2025-12-10 00:00:00+06	07:00:00	18:00:00	1500.00
b5afbc50-3807-4d89-90cb-20d6a7c9b4ef	86108a52-62de-4ee5-9a3f-0591d95c0af3	c30b6e6b-e9aa-4261-a39b-42b7cc984539	2025-12-10 00:00:00+06	05:30:00	12:00:00	900.00
d9fe4610-aeac-40f9-9344-1a6b0222638e	817dd252-e021-4670-84f0-0092ffeffd26	87a3da66-ed34-4caf-b9ca-47338af24485	2025-12-10 00:00:00+06	08:30:00	16:00:00	850.00
c6d9c457-36a7-45de-a604-ed4bf4408719	e3f089eb-13b6-468c-9a06-88f0df1dd7cf	3ce116cf-8a06-4048-8f1d-1abfbac6b131	2025-12-11 00:00:00+06	06:00:00	13:30:00	700.00
3ee9a8ad-851b-4cfb-99f4-1adff7d2f012	c8134a23-9b23-46eb-81ec-e7b07ff56a4d	3ce116cf-8a06-4048-8f1d-1abfbac6b131	2025-12-11 00:00:00+06	08:00:00	15:30:00	750.00
5a071d93-a5c3-4d73-bad9-c630d7e6f8e1	83343aad-7e7f-4e6d-9d22-22ed2aaee501	ed1a7bab-d249-4f3d-8b5f-085deeac2c1e	2025-12-11 00:00:00+06	06:30:00	11:30:00	650.00
949d57a2-47c2-4db6-876a-fb3db2eb651b	26898d1c-4f27-45d3-91d6-036126361c5a	f23af79d-ebd1-4311-ada9-5642316c8cf3	2025-12-11 00:00:00+06	06:00:00	12:00:00	700.00
51294643-0f65-416e-a851-1149ffd6fab9	60d21c3d-062d-4856-a2b2-44677fb2c746	4985fc97-db61-434f-b814-fbe201c91b50	2025-12-11 00:00:00+06	07:00:00	18:00:00	1500.00
2c4604cf-c7bf-4e83-afc2-9380e40b9179	86108a52-62de-4ee5-9a3f-0591d95c0af3	c30b6e6b-e9aa-4261-a39b-42b7cc984539	2025-12-11 00:00:00+06	05:30:00	12:00:00	900.00
feede855-4e56-4f28-b5fc-02e2bbb08401	817dd252-e021-4670-84f0-0092ffeffd26	87a3da66-ed34-4caf-b9ca-47338af24485	2025-12-11 00:00:00+06	08:30:00	16:00:00	850.00
1895032a-5700-46db-96e5-e365f091b8d2	e3f089eb-13b6-468c-9a06-88f0df1dd7cf	3ce116cf-8a06-4048-8f1d-1abfbac6b131	2025-12-12 00:00:00+06	06:00:00	13:30:00	700.00
e8d92563-42ca-404a-ba2e-de18654fd55f	c8134a23-9b23-46eb-81ec-e7b07ff56a4d	3ce116cf-8a06-4048-8f1d-1abfbac6b131	2025-12-12 00:00:00+06	08:00:00	15:30:00	750.00
f616b95f-9e22-4542-b50e-9e83abcaa9d5	83343aad-7e7f-4e6d-9d22-22ed2aaee501	ed1a7bab-d249-4f3d-8b5f-085deeac2c1e	2025-12-12 00:00:00+06	06:30:00	11:30:00	650.00
020c4a4d-fa04-4b3f-a898-cdb81f9a093e	26898d1c-4f27-45d3-91d6-036126361c5a	f23af79d-ebd1-4311-ada9-5642316c8cf3	2025-12-12 00:00:00+06	06:00:00	12:00:00	700.00
c2e85741-e87f-44a4-87ed-98bb6ae45fff	60d21c3d-062d-4856-a2b2-44677fb2c746	4985fc97-db61-434f-b814-fbe201c91b50	2025-12-12 00:00:00+06	07:00:00	18:00:00	1500.00
66c29740-d497-4eff-93ed-89820e505386	86108a52-62de-4ee5-9a3f-0591d95c0af3	c30b6e6b-e9aa-4261-a39b-42b7cc984539	2025-12-12 00:00:00+06	05:30:00	12:00:00	900.00
290b23f5-5053-4b3e-94af-39317e9d0d9b	817dd252-e021-4670-84f0-0092ffeffd26	87a3da66-ed34-4caf-b9ca-47338af24485	2025-12-12 00:00:00+06	08:30:00	16:00:00	850.00
19950228-2d96-41de-b826-6b9976f5575a	e3f089eb-13b6-468c-9a06-88f0df1dd7cf	3ce116cf-8a06-4048-8f1d-1abfbac6b131	2025-12-13 00:00:00+06	06:00:00	13:30:00	700.00
bfd429af-b9af-4628-a116-f9d7998eb4d3	c8134a23-9b23-46eb-81ec-e7b07ff56a4d	3ce116cf-8a06-4048-8f1d-1abfbac6b131	2025-12-13 00:00:00+06	08:00:00	15:30:00	750.00
e984090a-8508-4d92-8cdc-bb672a529341	83343aad-7e7f-4e6d-9d22-22ed2aaee501	ed1a7bab-d249-4f3d-8b5f-085deeac2c1e	2025-12-13 00:00:00+06	06:30:00	11:30:00	650.00
1f2e9988-b5d1-4cb5-92cd-864a39f8e00a	26898d1c-4f27-45d3-91d6-036126361c5a	f23af79d-ebd1-4311-ada9-5642316c8cf3	2025-12-13 00:00:00+06	06:00:00	12:00:00	700.00
67491d9e-9621-49c7-8b29-37ff81ef592b	60d21c3d-062d-4856-a2b2-44677fb2c746	4985fc97-db61-434f-b814-fbe201c91b50	2025-12-13 00:00:00+06	07:00:00	18:00:00	1500.00
5e3a86e9-5cee-485f-846e-a2762e6f30bf	86108a52-62de-4ee5-9a3f-0591d95c0af3	c30b6e6b-e9aa-4261-a39b-42b7cc984539	2025-12-13 00:00:00+06	05:30:00	12:00:00	900.00
c5d093e3-383b-4f94-8a2a-a8c0c3d679e8	817dd252-e021-4670-84f0-0092ffeffd26	87a3da66-ed34-4caf-b9ca-47338af24485	2025-12-13 00:00:00+06	08:30:00	16:00:00	850.00
2e02af7e-70d8-4be4-b277-6c0d9f4d6268	e3f089eb-13b6-468c-9a06-88f0df1dd7cf	3ce116cf-8a06-4048-8f1d-1abfbac6b131	2025-12-14 00:00:00+06	06:00:00	13:30:00	700.00
6771344e-09ff-4f9d-b4ff-8806b03cef25	c8134a23-9b23-46eb-81ec-e7b07ff56a4d	3ce116cf-8a06-4048-8f1d-1abfbac6b131	2025-12-14 00:00:00+06	08:00:00	15:30:00	750.00
92bbdf0a-0a29-4924-bb7d-f1bceda0b1e3	83343aad-7e7f-4e6d-9d22-22ed2aaee501	ed1a7bab-d249-4f3d-8b5f-085deeac2c1e	2025-12-14 00:00:00+06	06:30:00	11:30:00	650.00
02dedf1b-e255-4b72-a1d6-113d88eae929	26898d1c-4f27-45d3-91d6-036126361c5a	f23af79d-ebd1-4311-ada9-5642316c8cf3	2025-12-14 00:00:00+06	06:00:00	12:00:00	700.00
ff700fe4-5ef1-4898-ae4a-62b4faeaf095	60d21c3d-062d-4856-a2b2-44677fb2c746	4985fc97-db61-434f-b814-fbe201c91b50	2025-12-14 00:00:00+06	07:00:00	18:00:00	1500.00
2f9d362e-824b-43e8-aea5-483b0a4978c2	86108a52-62de-4ee5-9a3f-0591d95c0af3	c30b6e6b-e9aa-4261-a39b-42b7cc984539	2025-12-14 00:00:00+06	05:30:00	12:00:00	900.00
6e38a27c-6b8d-4288-bc92-883344672790	817dd252-e021-4670-84f0-0092ffeffd26	87a3da66-ed34-4caf-b9ca-47338af24485	2025-12-14 00:00:00+06	08:30:00	16:00:00	850.00
1aac22e8-5fac-4073-9341-bc6baf7e37e7	e3f089eb-13b6-468c-9a06-88f0df1dd7cf	3ce116cf-8a06-4048-8f1d-1abfbac6b131	2025-12-15 00:00:00+06	06:00:00	13:30:00	700.00
fe87a0b4-3ebd-40ea-b0cd-dc817dfc5732	c8134a23-9b23-46eb-81ec-e7b07ff56a4d	3ce116cf-8a06-4048-8f1d-1abfbac6b131	2025-12-15 00:00:00+06	08:00:00	15:30:00	750.00
60c89770-bd68-482f-a5df-bb19c656ff07	83343aad-7e7f-4e6d-9d22-22ed2aaee501	ed1a7bab-d249-4f3d-8b5f-085deeac2c1e	2025-12-15 00:00:00+06	06:30:00	11:30:00	650.00
38997bc1-40b7-429e-a0b8-2e9310741f94	26898d1c-4f27-45d3-91d6-036126361c5a	f23af79d-ebd1-4311-ada9-5642316c8cf3	2025-12-15 00:00:00+06	06:00:00	12:00:00	700.00
5ca268ef-53b3-486b-836d-3389d3676ad7	60d21c3d-062d-4856-a2b2-44677fb2c746	4985fc97-db61-434f-b814-fbe201c91b50	2025-12-15 00:00:00+06	07:00:00	18:00:00	1500.00
8bfa23ac-8ea7-4c80-846b-465cc9f7121e	86108a52-62de-4ee5-9a3f-0591d95c0af3	c30b6e6b-e9aa-4261-a39b-42b7cc984539	2025-12-15 00:00:00+06	05:30:00	12:00:00	900.00
290e08cb-8038-4cf5-bf68-c382b9f46fc5	817dd252-e021-4670-84f0-0092ffeffd26	87a3da66-ed34-4caf-b9ca-47338af24485	2025-12-15 00:00:00+06	08:30:00	16:00:00	850.00
38a3feed-97b8-4f95-aaf1-d050410fb6fd	e3f089eb-13b6-468c-9a06-88f0df1dd7cf	3ce116cf-8a06-4048-8f1d-1abfbac6b131	2025-12-16 00:00:00+06	06:00:00	13:30:00	700.00
8af0a2d5-c6a9-41b4-8ae8-8410c28abe3b	c8134a23-9b23-46eb-81ec-e7b07ff56a4d	3ce116cf-8a06-4048-8f1d-1abfbac6b131	2025-12-16 00:00:00+06	08:00:00	15:30:00	750.00
b198f4c2-b0cd-4e95-b839-1bf4992dab83	83343aad-7e7f-4e6d-9d22-22ed2aaee501	ed1a7bab-d249-4f3d-8b5f-085deeac2c1e	2025-12-16 00:00:00+06	06:30:00	11:30:00	650.00
2b092eeb-0ce9-4657-8675-86c752192398	26898d1c-4f27-45d3-91d6-036126361c5a	f23af79d-ebd1-4311-ada9-5642316c8cf3	2025-12-16 00:00:00+06	06:00:00	12:00:00	700.00
25036ced-b960-4f41-b51a-b4e9ec7c03e0	60d21c3d-062d-4856-a2b2-44677fb2c746	4985fc97-db61-434f-b814-fbe201c91b50	2025-12-16 00:00:00+06	07:00:00	18:00:00	1500.00
28506a71-a72a-4199-bb54-52c8a05fc593	86108a52-62de-4ee5-9a3f-0591d95c0af3	c30b6e6b-e9aa-4261-a39b-42b7cc984539	2025-12-16 00:00:00+06	05:30:00	12:00:00	900.00
da12b324-8ba3-4ccf-8dc4-9ca0af0607db	817dd252-e021-4670-84f0-0092ffeffd26	87a3da66-ed34-4caf-b9ca-47338af24485	2025-12-16 00:00:00+06	08:30:00	16:00:00	850.00
bea80537-c9cd-4a03-8c79-a0bb0cce2365	e3f089eb-13b6-468c-9a06-88f0df1dd7cf	3ce116cf-8a06-4048-8f1d-1abfbac6b131	2025-12-17 00:00:00+06	06:00:00	13:30:00	700.00
a7dac67e-4686-46be-ad32-c2c476681271	c8134a23-9b23-46eb-81ec-e7b07ff56a4d	3ce116cf-8a06-4048-8f1d-1abfbac6b131	2025-12-17 00:00:00+06	08:00:00	15:30:00	750.00
f7f2a98e-2006-4a1e-8d02-8ca5621f5f9f	83343aad-7e7f-4e6d-9d22-22ed2aaee501	ed1a7bab-d249-4f3d-8b5f-085deeac2c1e	2025-12-17 00:00:00+06	06:30:00	11:30:00	650.00
3a51a1c4-6ca2-4e17-9ff4-b6a39aef7020	26898d1c-4f27-45d3-91d6-036126361c5a	f23af79d-ebd1-4311-ada9-5642316c8cf3	2025-12-17 00:00:00+06	06:00:00	12:00:00	700.00
73d39bc3-44a8-45ce-9389-71769d58d775	60d21c3d-062d-4856-a2b2-44677fb2c746	4985fc97-db61-434f-b814-fbe201c91b50	2025-12-17 00:00:00+06	07:00:00	18:00:00	1500.00
628d2bea-660b-4655-ab00-8d8c08e4d8d2	86108a52-62de-4ee5-9a3f-0591d95c0af3	c30b6e6b-e9aa-4261-a39b-42b7cc984539	2025-12-17 00:00:00+06	05:30:00	12:00:00	900.00
5b7be194-ff54-48a4-8cec-fdcc036dfa95	817dd252-e021-4670-84f0-0092ffeffd26	87a3da66-ed34-4caf-b9ca-47338af24485	2025-12-17 00:00:00+06	08:30:00	16:00:00	850.00
d586f73d-3144-407b-90f2-b7cb897941b4	e3f089eb-13b6-468c-9a06-88f0df1dd7cf	3ce116cf-8a06-4048-8f1d-1abfbac6b131	2025-12-18 00:00:00+06	06:00:00	13:30:00	700.00
6daeae80-bbc4-4549-a61f-6ae3e079a580	c8134a23-9b23-46eb-81ec-e7b07ff56a4d	3ce116cf-8a06-4048-8f1d-1abfbac6b131	2025-12-18 00:00:00+06	08:00:00	15:30:00	750.00
edcc377c-0f1e-42e5-9ff1-90ffeade96c7	83343aad-7e7f-4e6d-9d22-22ed2aaee501	ed1a7bab-d249-4f3d-8b5f-085deeac2c1e	2025-12-18 00:00:00+06	06:30:00	11:30:00	650.00
2ac2f7f6-e223-456c-9a17-9d99b11c35c5	26898d1c-4f27-45d3-91d6-036126361c5a	f23af79d-ebd1-4311-ada9-5642316c8cf3	2025-12-18 00:00:00+06	06:00:00	12:00:00	700.00
1ca548c7-bf65-4f4d-bc53-ed95253b7ad9	60d21c3d-062d-4856-a2b2-44677fb2c746	4985fc97-db61-434f-b814-fbe201c91b50	2025-12-18 00:00:00+06	07:00:00	18:00:00	1500.00
a6ace63e-8354-4e2b-ba4b-421257dcfcdf	86108a52-62de-4ee5-9a3f-0591d95c0af3	c30b6e6b-e9aa-4261-a39b-42b7cc984539	2025-12-18 00:00:00+06	05:30:00	12:00:00	900.00
d931c63e-9297-4b9d-a464-964839515ecf	817dd252-e021-4670-84f0-0092ffeffd26	87a3da66-ed34-4caf-b9ca-47338af24485	2025-12-18 00:00:00+06	08:30:00	16:00:00	850.00
4f32605f-1294-4726-b0a9-ea4f0d61c0cd	e3f089eb-13b6-468c-9a06-88f0df1dd7cf	3ce116cf-8a06-4048-8f1d-1abfbac6b131	2025-12-19 00:00:00+06	06:00:00	13:30:00	700.00
da6c4ec8-17a1-42e2-b306-cc4c54bd88cc	c8134a23-9b23-46eb-81ec-e7b07ff56a4d	3ce116cf-8a06-4048-8f1d-1abfbac6b131	2025-12-19 00:00:00+06	08:00:00	15:30:00	750.00
8dc9ec84-d204-4145-811f-cef0ce2ad61f	83343aad-7e7f-4e6d-9d22-22ed2aaee501	ed1a7bab-d249-4f3d-8b5f-085deeac2c1e	2025-12-19 00:00:00+06	06:30:00	11:30:00	650.00
62ed2b50-7a83-442e-a3de-83626542b7f9	26898d1c-4f27-45d3-91d6-036126361c5a	f23af79d-ebd1-4311-ada9-5642316c8cf3	2025-12-19 00:00:00+06	06:00:00	12:00:00	700.00
735b3fb1-ef86-4564-9e0e-ff41a66f9ec8	60d21c3d-062d-4856-a2b2-44677fb2c746	4985fc97-db61-434f-b814-fbe201c91b50	2025-12-19 00:00:00+06	07:00:00	18:00:00	1500.00
0e4f0428-1f7c-43a8-b2da-12256ba65aa1	86108a52-62de-4ee5-9a3f-0591d95c0af3	c30b6e6b-e9aa-4261-a39b-42b7cc984539	2025-12-19 00:00:00+06	05:30:00	12:00:00	900.00
1e1231c2-61d2-4eb4-9909-1ec48766b22c	817dd252-e021-4670-84f0-0092ffeffd26	87a3da66-ed34-4caf-b9ca-47338af24485	2025-12-19 00:00:00+06	08:30:00	16:00:00	850.00
d59b339b-6bbb-41a9-8959-1d1f213a5981	e3f089eb-13b6-468c-9a06-88f0df1dd7cf	3ce116cf-8a06-4048-8f1d-1abfbac6b131	2025-12-20 00:00:00+06	06:00:00	13:30:00	700.00
bd30cf13-fefe-4984-ac59-099184404c74	c8134a23-9b23-46eb-81ec-e7b07ff56a4d	3ce116cf-8a06-4048-8f1d-1abfbac6b131	2025-12-20 00:00:00+06	08:00:00	15:30:00	750.00
9f91d237-8c8c-4338-8dce-1a65aaedcc82	83343aad-7e7f-4e6d-9d22-22ed2aaee501	ed1a7bab-d249-4f3d-8b5f-085deeac2c1e	2025-12-20 00:00:00+06	06:30:00	11:30:00	650.00
a72f275d-45d1-4676-b2d2-60e80058a522	26898d1c-4f27-45d3-91d6-036126361c5a	f23af79d-ebd1-4311-ada9-5642316c8cf3	2025-12-20 00:00:00+06	06:00:00	12:00:00	700.00
e197314f-7d30-4c75-909e-a2c1e8739cad	60d21c3d-062d-4856-a2b2-44677fb2c746	4985fc97-db61-434f-b814-fbe201c91b50	2025-12-20 00:00:00+06	07:00:00	18:00:00	1500.00
5890a98c-5b1a-4f85-8b01-77d604dd7143	86108a52-62de-4ee5-9a3f-0591d95c0af3	c30b6e6b-e9aa-4261-a39b-42b7cc984539	2025-12-20 00:00:00+06	05:30:00	12:00:00	900.00
c956586e-6f34-4d49-8400-0c93548e6660	817dd252-e021-4670-84f0-0092ffeffd26	87a3da66-ed34-4caf-b9ca-47338af24485	2025-12-20 00:00:00+06	08:30:00	16:00:00	850.00
5baadfb9-e2ce-4962-882d-0da49eedb9b2	e3f089eb-13b6-468c-9a06-88f0df1dd7cf	3ce116cf-8a06-4048-8f1d-1abfbac6b131	2025-12-21 00:00:00+06	06:00:00	13:30:00	700.00
6aed35a7-2adb-48ce-800b-f247274b05c8	c8134a23-9b23-46eb-81ec-e7b07ff56a4d	3ce116cf-8a06-4048-8f1d-1abfbac6b131	2025-12-21 00:00:00+06	08:00:00	15:30:00	750.00
8c57c763-c43c-47b0-8748-2c40604f0d19	83343aad-7e7f-4e6d-9d22-22ed2aaee501	ed1a7bab-d249-4f3d-8b5f-085deeac2c1e	2025-12-21 00:00:00+06	06:30:00	11:30:00	650.00
d0463982-9dbf-4ed9-9806-30217a53cab0	26898d1c-4f27-45d3-91d6-036126361c5a	f23af79d-ebd1-4311-ada9-5642316c8cf3	2025-12-21 00:00:00+06	06:00:00	12:00:00	700.00
ea221a36-120b-47ea-aac1-b1a8215881cd	60d21c3d-062d-4856-a2b2-44677fb2c746	4985fc97-db61-434f-b814-fbe201c91b50	2025-12-21 00:00:00+06	07:00:00	18:00:00	1500.00
08c61832-568f-4838-bdd8-7afa49b3d157	86108a52-62de-4ee5-9a3f-0591d95c0af3	c30b6e6b-e9aa-4261-a39b-42b7cc984539	2025-12-21 00:00:00+06	05:30:00	12:00:00	900.00
63eb2248-cd75-424a-b877-e2a473b3856c	817dd252-e021-4670-84f0-0092ffeffd26	87a3da66-ed34-4caf-b9ca-47338af24485	2025-12-21 00:00:00+06	08:30:00	16:00:00	850.00
f12a9aa7-264c-43cc-93e4-f1d74710addd	e3f089eb-13b6-468c-9a06-88f0df1dd7cf	3ce116cf-8a06-4048-8f1d-1abfbac6b131	2025-12-22 00:00:00+06	06:00:00	13:30:00	700.00
6bbb4f5a-a787-4709-bfba-dfc424418f71	c8134a23-9b23-46eb-81ec-e7b07ff56a4d	3ce116cf-8a06-4048-8f1d-1abfbac6b131	2025-12-22 00:00:00+06	08:00:00	15:30:00	750.00
55bbba90-b6df-4a04-a819-8fc5ba5be93e	83343aad-7e7f-4e6d-9d22-22ed2aaee501	ed1a7bab-d249-4f3d-8b5f-085deeac2c1e	2025-12-22 00:00:00+06	06:30:00	11:30:00	650.00
b42bc920-90a6-44d3-806d-62a22493eeac	26898d1c-4f27-45d3-91d6-036126361c5a	f23af79d-ebd1-4311-ada9-5642316c8cf3	2025-12-22 00:00:00+06	06:00:00	12:00:00	700.00
7bc3fbe7-d3e1-4f7e-ad3d-0f93780aabc4	60d21c3d-062d-4856-a2b2-44677fb2c746	4985fc97-db61-434f-b814-fbe201c91b50	2025-12-22 00:00:00+06	07:00:00	18:00:00	1500.00
fb733a63-4c36-40a0-adfd-4baac372e7f2	86108a52-62de-4ee5-9a3f-0591d95c0af3	c30b6e6b-e9aa-4261-a39b-42b7cc984539	2025-12-22 00:00:00+06	05:30:00	12:00:00	900.00
5f6161cd-d1b6-4416-bb23-ea9f1533c7eb	817dd252-e021-4670-84f0-0092ffeffd26	87a3da66-ed34-4caf-b9ca-47338af24485	2025-12-22 00:00:00+06	08:30:00	16:00:00	850.00
1453433a-83f3-4b72-b4ee-b22df53084a4	e3f089eb-13b6-468c-9a06-88f0df1dd7cf	3ce116cf-8a06-4048-8f1d-1abfbac6b131	2025-12-23 00:00:00+06	06:00:00	13:30:00	700.00
695ae179-5f07-4829-bc45-065a0925e0a4	c8134a23-9b23-46eb-81ec-e7b07ff56a4d	3ce116cf-8a06-4048-8f1d-1abfbac6b131	2025-12-23 00:00:00+06	08:00:00	15:30:00	750.00
b1ceb0f4-03ef-43e4-a88d-66891dc1bcb3	83343aad-7e7f-4e6d-9d22-22ed2aaee501	ed1a7bab-d249-4f3d-8b5f-085deeac2c1e	2025-12-23 00:00:00+06	06:30:00	11:30:00	650.00
f8f48bcb-a75c-474e-b1d9-cdb053088e82	26898d1c-4f27-45d3-91d6-036126361c5a	f23af79d-ebd1-4311-ada9-5642316c8cf3	2025-12-23 00:00:00+06	06:00:00	12:00:00	700.00
149f726b-36a9-416b-9fde-3a541c07bc3d	60d21c3d-062d-4856-a2b2-44677fb2c746	4985fc97-db61-434f-b814-fbe201c91b50	2025-12-23 00:00:00+06	07:00:00	18:00:00	1500.00
ec0be1ba-03d0-4b1a-9959-85763026e911	86108a52-62de-4ee5-9a3f-0591d95c0af3	c30b6e6b-e9aa-4261-a39b-42b7cc984539	2025-12-23 00:00:00+06	05:30:00	12:00:00	900.00
da9dd2da-de52-4df9-82ae-3434d7744608	817dd252-e021-4670-84f0-0092ffeffd26	87a3da66-ed34-4caf-b9ca-47338af24485	2025-12-23 00:00:00+06	08:30:00	16:00:00	850.00
769d51eb-765c-4b16-9468-fdde36a7eb27	e3f089eb-13b6-468c-9a06-88f0df1dd7cf	3ce116cf-8a06-4048-8f1d-1abfbac6b131	2025-12-24 00:00:00+06	06:00:00	13:30:00	700.00
ce9b7f71-f300-4ff6-9c52-0aeff3641c48	c8134a23-9b23-46eb-81ec-e7b07ff56a4d	3ce116cf-8a06-4048-8f1d-1abfbac6b131	2025-12-24 00:00:00+06	08:00:00	15:30:00	750.00
ad088f4c-4638-42cd-8394-ac1ee5a4e08b	83343aad-7e7f-4e6d-9d22-22ed2aaee501	ed1a7bab-d249-4f3d-8b5f-085deeac2c1e	2025-12-24 00:00:00+06	06:30:00	11:30:00	650.00
6a131f82-4b75-4070-b08f-043a8af3e509	26898d1c-4f27-45d3-91d6-036126361c5a	f23af79d-ebd1-4311-ada9-5642316c8cf3	2025-12-24 00:00:00+06	06:00:00	12:00:00	700.00
b1f07ebd-4f8b-407e-8d47-0a7aa7b16f41	60d21c3d-062d-4856-a2b2-44677fb2c746	4985fc97-db61-434f-b814-fbe201c91b50	2025-12-24 00:00:00+06	07:00:00	18:00:00	1500.00
b89ac970-d509-423b-8a57-c07c044212f2	86108a52-62de-4ee5-9a3f-0591d95c0af3	c30b6e6b-e9aa-4261-a39b-42b7cc984539	2025-12-24 00:00:00+06	05:30:00	12:00:00	900.00
d2f446dd-8571-4594-aed5-4970a184a02c	817dd252-e021-4670-84f0-0092ffeffd26	87a3da66-ed34-4caf-b9ca-47338af24485	2025-12-24 00:00:00+06	08:30:00	16:00:00	850.00
6eb9d937-87d6-429d-a40a-640ead2f379f	e3f089eb-13b6-468c-9a06-88f0df1dd7cf	3ce116cf-8a06-4048-8f1d-1abfbac6b131	2025-12-25 00:00:00+06	06:00:00	13:30:00	700.00
2e582f9b-0588-4e5a-88d9-e43f1d69a4ea	c8134a23-9b23-46eb-81ec-e7b07ff56a4d	3ce116cf-8a06-4048-8f1d-1abfbac6b131	2025-12-25 00:00:00+06	08:00:00	15:30:00	750.00
c3fd708d-5be6-40e8-848f-5d14dead2b07	83343aad-7e7f-4e6d-9d22-22ed2aaee501	ed1a7bab-d249-4f3d-8b5f-085deeac2c1e	2025-12-25 00:00:00+06	06:30:00	11:30:00	650.00
c2c84661-0796-4d63-8a31-39b9d2895ca7	26898d1c-4f27-45d3-91d6-036126361c5a	f23af79d-ebd1-4311-ada9-5642316c8cf3	2025-12-25 00:00:00+06	06:00:00	12:00:00	700.00
48b5b709-9eba-4ecc-ac65-f901e2ed872b	60d21c3d-062d-4856-a2b2-44677fb2c746	4985fc97-db61-434f-b814-fbe201c91b50	2025-12-25 00:00:00+06	07:00:00	18:00:00	1500.00
c9f94dba-3fe6-4c36-8ea5-e708189168fe	86108a52-62de-4ee5-9a3f-0591d95c0af3	c30b6e6b-e9aa-4261-a39b-42b7cc984539	2025-12-25 00:00:00+06	05:30:00	12:00:00	900.00
73b4e28c-0a47-4001-9b9e-5831d103992d	817dd252-e021-4670-84f0-0092ffeffd26	87a3da66-ed34-4caf-b9ca-47338af24485	2025-12-25 00:00:00+06	08:30:00	16:00:00	850.00
eb57d76d-44c0-4cd7-854c-2a353e235322	e3f089eb-13b6-468c-9a06-88f0df1dd7cf	3ce116cf-8a06-4048-8f1d-1abfbac6b131	2025-12-26 00:00:00+06	06:00:00	13:30:00	700.00
f0c74799-d153-4040-a25a-71f46703d995	c8134a23-9b23-46eb-81ec-e7b07ff56a4d	3ce116cf-8a06-4048-8f1d-1abfbac6b131	2025-12-26 00:00:00+06	08:00:00	15:30:00	750.00
63cd1573-53ea-4b88-87aa-2e488ac6b8ca	83343aad-7e7f-4e6d-9d22-22ed2aaee501	ed1a7bab-d249-4f3d-8b5f-085deeac2c1e	2025-12-26 00:00:00+06	06:30:00	11:30:00	650.00
14bd7653-ae8d-4b8c-9d3b-37993d20b05a	26898d1c-4f27-45d3-91d6-036126361c5a	f23af79d-ebd1-4311-ada9-5642316c8cf3	2025-12-26 00:00:00+06	06:00:00	12:00:00	700.00
882deaa4-583e-4c62-966b-3e041045b2d9	60d21c3d-062d-4856-a2b2-44677fb2c746	4985fc97-db61-434f-b814-fbe201c91b50	2025-12-26 00:00:00+06	07:00:00	18:00:00	1500.00
9ba7ba07-505c-4174-a226-879c93e4d93e	86108a52-62de-4ee5-9a3f-0591d95c0af3	c30b6e6b-e9aa-4261-a39b-42b7cc984539	2025-12-26 00:00:00+06	05:30:00	12:00:00	900.00
594c0ae7-7591-495a-8057-c46c63ed2b31	817dd252-e021-4670-84f0-0092ffeffd26	87a3da66-ed34-4caf-b9ca-47338af24485	2025-12-26 00:00:00+06	08:30:00	16:00:00	850.00
07a226ae-2507-4561-bc45-eb76595c31f6	e3f089eb-13b6-468c-9a06-88f0df1dd7cf	3ce116cf-8a06-4048-8f1d-1abfbac6b131	2025-12-27 00:00:00+06	06:00:00	13:30:00	700.00
2a4820bb-fac2-4fc2-84ed-68c95f4a6927	c8134a23-9b23-46eb-81ec-e7b07ff56a4d	3ce116cf-8a06-4048-8f1d-1abfbac6b131	2025-12-27 00:00:00+06	08:00:00	15:30:00	750.00
1bcabf78-0738-4bef-b51a-de5ee14486ef	83343aad-7e7f-4e6d-9d22-22ed2aaee501	ed1a7bab-d249-4f3d-8b5f-085deeac2c1e	2025-12-27 00:00:00+06	06:30:00	11:30:00	650.00
93dd22d7-1e19-4de1-a50a-64bcfc032d6e	26898d1c-4f27-45d3-91d6-036126361c5a	f23af79d-ebd1-4311-ada9-5642316c8cf3	2025-12-27 00:00:00+06	06:00:00	12:00:00	700.00
7d6d598f-4a8d-43c3-9c52-1c539956b253	60d21c3d-062d-4856-a2b2-44677fb2c746	4985fc97-db61-434f-b814-fbe201c91b50	2025-12-27 00:00:00+06	07:00:00	18:00:00	1500.00
e34af99f-2c42-40de-8ebc-772a5411ec7d	86108a52-62de-4ee5-9a3f-0591d95c0af3	c30b6e6b-e9aa-4261-a39b-42b7cc984539	2025-12-27 00:00:00+06	05:30:00	12:00:00	900.00
2c0b1686-09da-4e25-85f8-062677b7117f	817dd252-e021-4670-84f0-0092ffeffd26	87a3da66-ed34-4caf-b9ca-47338af24485	2025-12-27 00:00:00+06	08:30:00	16:00:00	850.00
8c489e3b-8255-4096-8b52-6cb0fd0c261d	e3f089eb-13b6-468c-9a06-88f0df1dd7cf	3ce116cf-8a06-4048-8f1d-1abfbac6b131	2025-12-28 00:00:00+06	06:00:00	13:30:00	700.00
91e33602-4ba4-4941-b36c-b482d324f7ea	c8134a23-9b23-46eb-81ec-e7b07ff56a4d	3ce116cf-8a06-4048-8f1d-1abfbac6b131	2025-12-28 00:00:00+06	08:00:00	15:30:00	750.00
cd26f12e-f2a1-4fbd-ba63-cec28797d903	83343aad-7e7f-4e6d-9d22-22ed2aaee501	ed1a7bab-d249-4f3d-8b5f-085deeac2c1e	2025-12-28 00:00:00+06	06:30:00	11:30:00	650.00
e63a408f-37b5-4b40-bc71-dafa28811bd5	26898d1c-4f27-45d3-91d6-036126361c5a	f23af79d-ebd1-4311-ada9-5642316c8cf3	2025-12-28 00:00:00+06	06:00:00	12:00:00	700.00
a75086ea-16d7-4078-bef5-6adf1aaad12f	60d21c3d-062d-4856-a2b2-44677fb2c746	4985fc97-db61-434f-b814-fbe201c91b50	2025-12-28 00:00:00+06	07:00:00	18:00:00	1500.00
737712ed-48be-4cc5-99b1-79ad8d99620d	86108a52-62de-4ee5-9a3f-0591d95c0af3	c30b6e6b-e9aa-4261-a39b-42b7cc984539	2025-12-28 00:00:00+06	05:30:00	12:00:00	900.00
0e5fd7e0-5ef8-4d76-bb22-8340b251b1f9	817dd252-e021-4670-84f0-0092ffeffd26	87a3da66-ed34-4caf-b9ca-47338af24485	2025-12-28 00:00:00+06	08:30:00	16:00:00	850.00
4c75b997-afc1-435a-9a3c-466e2c00c920	e3f089eb-13b6-468c-9a06-88f0df1dd7cf	3ce116cf-8a06-4048-8f1d-1abfbac6b131	2025-12-29 00:00:00+06	06:00:00	13:30:00	700.00
a7051c35-b273-429b-9383-25568fa278a4	c8134a23-9b23-46eb-81ec-e7b07ff56a4d	3ce116cf-8a06-4048-8f1d-1abfbac6b131	2025-12-29 00:00:00+06	08:00:00	15:30:00	750.00
217cb1d8-f7d5-42db-b9b1-1aec963aed38	83343aad-7e7f-4e6d-9d22-22ed2aaee501	ed1a7bab-d249-4f3d-8b5f-085deeac2c1e	2025-12-29 00:00:00+06	06:30:00	11:30:00	650.00
43f29483-87ab-420e-b8be-a4c6dcb9f94d	26898d1c-4f27-45d3-91d6-036126361c5a	f23af79d-ebd1-4311-ada9-5642316c8cf3	2025-12-29 00:00:00+06	06:00:00	12:00:00	700.00
7e76fc09-c690-430d-b71a-abbaba5aeedc	60d21c3d-062d-4856-a2b2-44677fb2c746	4985fc97-db61-434f-b814-fbe201c91b50	2025-12-29 00:00:00+06	07:00:00	18:00:00	1500.00
9df533e0-9a75-4de0-8142-58aaf6b1b081	86108a52-62de-4ee5-9a3f-0591d95c0af3	c30b6e6b-e9aa-4261-a39b-42b7cc984539	2025-12-29 00:00:00+06	05:30:00	12:00:00	900.00
e237fcd1-cf4c-4299-89a1-924c25b9df36	817dd252-e021-4670-84f0-0092ffeffd26	87a3da66-ed34-4caf-b9ca-47338af24485	2025-12-29 00:00:00+06	08:30:00	16:00:00	850.00
7eac0b8f-35bf-4e7c-9d6e-16092436871f	e3f089eb-13b6-468c-9a06-88f0df1dd7cf	3ce116cf-8a06-4048-8f1d-1abfbac6b131	2025-12-30 00:00:00+06	06:00:00	13:30:00	700.00
e0ea8323-3993-4ccd-a774-f1a650ba76a8	c8134a23-9b23-46eb-81ec-e7b07ff56a4d	3ce116cf-8a06-4048-8f1d-1abfbac6b131	2025-12-30 00:00:00+06	08:00:00	15:30:00	750.00
d91abdc8-5d95-497a-bd29-63d4acfeab1b	83343aad-7e7f-4e6d-9d22-22ed2aaee501	ed1a7bab-d249-4f3d-8b5f-085deeac2c1e	2025-12-30 00:00:00+06	06:30:00	11:30:00	650.00
56056f2d-c73f-44fd-ae37-bd6e9e54aaf1	26898d1c-4f27-45d3-91d6-036126361c5a	f23af79d-ebd1-4311-ada9-5642316c8cf3	2025-12-30 00:00:00+06	06:00:00	12:00:00	700.00
084884f8-608e-405a-b080-af8a0d72ecf5	60d21c3d-062d-4856-a2b2-44677fb2c746	4985fc97-db61-434f-b814-fbe201c91b50	2025-12-30 00:00:00+06	07:00:00	18:00:00	1500.00
6c654d5f-4991-4aa9-b60d-3960df0830e4	86108a52-62de-4ee5-9a3f-0591d95c0af3	c30b6e6b-e9aa-4261-a39b-42b7cc984539	2025-12-30 00:00:00+06	05:30:00	12:00:00	900.00
b4c8c8ef-1de6-4e23-9bed-f689b580ed32	817dd252-e021-4670-84f0-0092ffeffd26	87a3da66-ed34-4caf-b9ca-47338af24485	2025-12-30 00:00:00+06	08:30:00	16:00:00	850.00
6a7578e9-066b-4014-91e4-2d557fb1a91d	e3f089eb-13b6-468c-9a06-88f0df1dd7cf	3ce116cf-8a06-4048-8f1d-1abfbac6b131	2025-12-31 00:00:00+06	06:00:00	13:30:00	700.00
72891047-917e-4762-b57a-2d57aae0377b	c8134a23-9b23-46eb-81ec-e7b07ff56a4d	3ce116cf-8a06-4048-8f1d-1abfbac6b131	2025-12-31 00:00:00+06	08:00:00	15:30:00	750.00
cffac54d-08ae-4584-bf2d-8805be6b3ab1	83343aad-7e7f-4e6d-9d22-22ed2aaee501	ed1a7bab-d249-4f3d-8b5f-085deeac2c1e	2025-12-31 00:00:00+06	06:30:00	11:30:00	650.00
648296d8-d9d6-4766-91c5-307e4258395f	26898d1c-4f27-45d3-91d6-036126361c5a	f23af79d-ebd1-4311-ada9-5642316c8cf3	2025-12-31 00:00:00+06	06:00:00	12:00:00	700.00
d31cabcf-a553-4bb1-83b2-ac030b44a608	60d21c3d-062d-4856-a2b2-44677fb2c746	4985fc97-db61-434f-b814-fbe201c91b50	2025-12-31 00:00:00+06	07:00:00	18:00:00	1500.00
d8eaff31-5f81-45f0-9913-1c2d3832c45f	86108a52-62de-4ee5-9a3f-0591d95c0af3	c30b6e6b-e9aa-4261-a39b-42b7cc984539	2025-12-31 00:00:00+06	05:30:00	12:00:00	900.00
c2ab6344-037b-4745-b7ed-b211cfc577ca	817dd252-e021-4670-84f0-0092ffeffd26	87a3da66-ed34-4caf-b9ca-47338af24485	2025-12-31 00:00:00+06	08:30:00	16:00:00	850.00
9e38d08a-310d-41c0-b45c-ef78f89b40d5	e3f089eb-13b6-468c-9a06-88f0df1dd7cf	3ce116cf-8a06-4048-8f1d-1abfbac6b131	2026-01-01 00:00:00+06	06:00:00	13:30:00	700.00
977ea59a-9302-4e6d-8c3d-0280a69c6124	c8134a23-9b23-46eb-81ec-e7b07ff56a4d	3ce116cf-8a06-4048-8f1d-1abfbac6b131	2026-01-01 00:00:00+06	08:00:00	15:30:00	750.00
68a7e990-e2f7-4e23-ac79-b5f045733e02	83343aad-7e7f-4e6d-9d22-22ed2aaee501	ed1a7bab-d249-4f3d-8b5f-085deeac2c1e	2026-01-01 00:00:00+06	06:30:00	11:30:00	650.00
19402b6b-efaa-4ae9-bea8-c6cf05a70ac4	26898d1c-4f27-45d3-91d6-036126361c5a	f23af79d-ebd1-4311-ada9-5642316c8cf3	2026-01-01 00:00:00+06	06:00:00	12:00:00	700.00
fa621c26-6443-4a2e-9535-6448e63d387c	60d21c3d-062d-4856-a2b2-44677fb2c746	4985fc97-db61-434f-b814-fbe201c91b50	2026-01-01 00:00:00+06	07:00:00	18:00:00	1500.00
3694a678-e84c-401d-aa5d-1fd9c559ebe5	86108a52-62de-4ee5-9a3f-0591d95c0af3	c30b6e6b-e9aa-4261-a39b-42b7cc984539	2026-01-01 00:00:00+06	05:30:00	12:00:00	900.00
61e66e6e-662c-4b6d-b300-fee972c8c67d	817dd252-e021-4670-84f0-0092ffeffd26	87a3da66-ed34-4caf-b9ca-47338af24485	2026-01-01 00:00:00+06	08:30:00	16:00:00	850.00
\.


--
-- TOC entry 4954 (class 0 OID 16396)
-- Dependencies: 220
-- Data for Name: Buses; Type: TABLE DATA; Schema: public; Owner: postgres
--

COPY public."Buses" ("Id", "CompanyName", "BusName", "BusNumber", "TotalSeats", "BusType") FROM stdin;
b3fb5bcd-99e0-4b6c-948b-967130724081	National Travels	Volvo AC	DHAKA-1234	40	0
cf7e2485-e732-4e8d-83b4-84b4560f2119	Hanif Enterprise	Scania AC	DHAKA-5678	36	0
e3f089eb-13b6-468c-9a06-88f0df1dd7cf	National Travels	Volvo AC	DHAKA-1234	40	0
c8134a23-9b23-46eb-81ec-e7b07ff56a4d	National Travels	Scania AC	DHAKA-1235	40	0
83343aad-7e7f-4e6d-9d22-22ed2aaee501	Shyamoli NR Travels	Hino Non-AC	DHAKA-5678	40	1
26898d1c-4f27-45d3-91d6-036126361c5a	Hanif Enterprise	MAN AC	DHAKA-9012	40	0
60d21c3d-062d-4856-a2b2-44677fb2c746	Green Line Paribahan	Volvo 9400	DHAKA-3456	40	0
86108a52-62de-4ee5-9a3f-0591d95c0af3	Saintmartin Express	Scania AC	DHAKA-7890	40	0
817dd252-e021-4670-84f0-0092ffeffd26	Nabil Paribahan	Hino Non-AC	DHAKA-2468	40	1
\.


--
-- TOC entry 4955 (class 0 OID 16410)
-- Dependencies: 221
-- Data for Name: Passengers; Type: TABLE DATA; Schema: public; Owner: postgres
--

COPY public."Passengers" ("Id", "Name", "MobileNumber", "Email") FROM stdin;
f744f7a6-3b99-43f1-b1e5-cd17196a278b	Guest	01766955925	
\.


--
-- TOC entry 4956 (class 0 OID 16421)
-- Dependencies: 222
-- Data for Name: Routes; Type: TABLE DATA; Schema: public; Owner: postgres
--

COPY public."Routes" ("Id", "FromCity", "ToCity") FROM stdin;
c76a30fe-7544-4549-96fc-e329d0a55e08	Dhaka	Rajshahi
b1ee1668-fcee-4eaa-9044-55db29decc3a	Dhaka	Chittagong
3ce116cf-8a06-4048-8f1d-1abfbac6b131	Dhaka	Rajshahi
ed1a7bab-d249-4f3d-8b5f-085deeac2c1e	Dhaka	Chittagong
f23af79d-ebd1-4311-ada9-5642316c8cf3	Dhaka	Sylhet
ce492eb0-7501-40f2-9034-a270359225a0	Dhaka	Khulna
c30b6e6b-e9aa-4261-a39b-42b7cc984539	Dhaka	Barisal
4985fc97-db61-434f-b814-fbe201c91b50	Dhaka	Coxs-Bazar
87a3da66-ed34-4caf-b9ca-47338af24485	Dhaka	Rangpur
\.


--
-- TOC entry 4957 (class 0 OID 16434)
-- Dependencies: 223
-- Data for Name: Seats; Type: TABLE DATA; Schema: public; Owner: postgres
--

COPY public."Seats" ("Id", "BusId", "SeatNumber", "Row", "Column", "SeatType") FROM stdin;
b7c76c90-a62e-4995-942a-51350d3d7983	b3fb5bcd-99e0-4b6c-948b-967130724081	A1	1	1	0
6643c8ac-f8d5-4fc0-b79f-bc163112be8f	b3fb5bcd-99e0-4b6c-948b-967130724081	B1	1	2	0
ede6ddb4-1cea-4623-85ab-b580c8047b84	b3fb5bcd-99e0-4b6c-948b-967130724081	C1	1	3	0
c14c55a9-5011-42e0-a876-0c2028d3bc77	b3fb5bcd-99e0-4b6c-948b-967130724081	D1	1	4	0
68e3f02b-410d-450e-8ef8-f228eb133ed7	b3fb5bcd-99e0-4b6c-948b-967130724081	A2	2	1	0
16568d1c-9bb6-490e-ad06-e7a0839afd27	b3fb5bcd-99e0-4b6c-948b-967130724081	B2	2	2	0
1110c185-52c0-4199-95a7-2f8efd1f77cc	b3fb5bcd-99e0-4b6c-948b-967130724081	C2	2	3	0
f1d57a41-6b14-4a21-bc06-e068334d4fdd	b3fb5bcd-99e0-4b6c-948b-967130724081	D2	2	4	0
59d91721-ea25-4c98-b439-2f13bce60da4	b3fb5bcd-99e0-4b6c-948b-967130724081	A3	3	1	0
fd5b5673-c037-4d72-b540-4e4bdedc5074	b3fb5bcd-99e0-4b6c-948b-967130724081	B3	3	2	0
47f23311-f78c-46ae-96bb-138a2241d834	b3fb5bcd-99e0-4b6c-948b-967130724081	C3	3	3	0
d898d6b0-2082-475d-8e41-382caefe32f8	b3fb5bcd-99e0-4b6c-948b-967130724081	D3	3	4	0
22b28d15-e5e9-484b-9736-c34301f2a2f7	b3fb5bcd-99e0-4b6c-948b-967130724081	A4	4	1	0
93062515-5527-4754-b4ec-29e22c57cbf2	b3fb5bcd-99e0-4b6c-948b-967130724081	B4	4	2	0
a36ebf3e-c33a-4ddb-a9a6-659e2e882fa1	b3fb5bcd-99e0-4b6c-948b-967130724081	C4	4	3	0
90c850ce-86cc-40b7-a13f-8aea210d096a	b3fb5bcd-99e0-4b6c-948b-967130724081	D4	4	4	0
34321ca6-69d7-482f-ae14-2edbd75afb5f	b3fb5bcd-99e0-4b6c-948b-967130724081	A5	5	1	0
86251f3f-911e-44c9-b737-34993c5dbea6	b3fb5bcd-99e0-4b6c-948b-967130724081	B5	5	2	0
1c630f53-3e9b-4163-b0ca-ab88b36739a6	b3fb5bcd-99e0-4b6c-948b-967130724081	C5	5	3	0
efe36c7a-745c-4930-b789-3d6c560f201d	b3fb5bcd-99e0-4b6c-948b-967130724081	D5	5	4	0
1b628f11-0053-45be-ab62-f5cfcc5e4e8a	b3fb5bcd-99e0-4b6c-948b-967130724081	A6	6	1	0
556bff5b-c736-4e87-a357-df2eb781fa28	b3fb5bcd-99e0-4b6c-948b-967130724081	B6	6	2	0
90471493-73f9-402c-9f33-ab8879e08bf5	b3fb5bcd-99e0-4b6c-948b-967130724081	C6	6	3	0
794dd55f-5109-45b3-b091-a865fd5bc368	b3fb5bcd-99e0-4b6c-948b-967130724081	D6	6	4	0
934b642a-1d7b-4163-bac8-325fc7a08fa0	b3fb5bcd-99e0-4b6c-948b-967130724081	A7	7	1	0
43cf1988-5830-419c-9e37-9f289293c235	b3fb5bcd-99e0-4b6c-948b-967130724081	B7	7	2	0
84e2db31-4b67-473a-b6a9-30c8cf04a77c	b3fb5bcd-99e0-4b6c-948b-967130724081	C7	7	3	0
752719b2-3cd5-4d0c-94c1-93567c890a96	b3fb5bcd-99e0-4b6c-948b-967130724081	D7	7	4	0
458bfb20-4dbf-499e-a636-40bd2a3184b1	b3fb5bcd-99e0-4b6c-948b-967130724081	A8	8	1	0
65ebffb1-92e1-446b-9410-1051894c7087	b3fb5bcd-99e0-4b6c-948b-967130724081	B8	8	2	0
36aedc84-e706-4289-9081-b0d17efbbe4a	b3fb5bcd-99e0-4b6c-948b-967130724081	C8	8	3	0
8153fb01-afd7-4a11-9a96-92c40e493bdf	b3fb5bcd-99e0-4b6c-948b-967130724081	D8	8	4	0
4e999d2c-eb00-4022-a39c-b71768e58896	b3fb5bcd-99e0-4b6c-948b-967130724081	A9	9	1	0
7be85135-6399-42bf-aa10-53c0c3398b70	b3fb5bcd-99e0-4b6c-948b-967130724081	B9	9	2	0
cd0150e2-3e7e-416a-8ce5-32e5835b7ddb	b3fb5bcd-99e0-4b6c-948b-967130724081	C9	9	3	0
124c558b-2e94-49dd-9e0c-d0051ba349b8	b3fb5bcd-99e0-4b6c-948b-967130724081	D9	9	4	0
2c1bf65d-ab4e-40eb-a1ca-d31942da7274	b3fb5bcd-99e0-4b6c-948b-967130724081	A10	10	1	0
6c5bd850-7710-42c9-934c-4a678d064839	b3fb5bcd-99e0-4b6c-948b-967130724081	B10	10	2	0
34d92e3a-de20-41c4-9e0d-64efea0e09c5	b3fb5bcd-99e0-4b6c-948b-967130724081	C10	10	3	0
4d17bdaf-4dbd-4ac4-a2a2-434d93848f4e	b3fb5bcd-99e0-4b6c-948b-967130724081	D10	10	4	0
62f66409-87cc-43b3-ab33-969f53c3375a	cf7e2485-e732-4e8d-83b4-84b4560f2119	A1	1	1	0
510cb4a6-9111-412d-9883-205f6d567035	cf7e2485-e732-4e8d-83b4-84b4560f2119	B1	1	2	0
70ffe2a2-af77-4462-ac02-4f994e5c4bd9	cf7e2485-e732-4e8d-83b4-84b4560f2119	C1	1	3	0
69b0b0c5-9dde-4d2e-961f-c6a33fe078bc	cf7e2485-e732-4e8d-83b4-84b4560f2119	D1	1	4	0
4796e523-2731-4fc2-aca7-46cc550c15fd	cf7e2485-e732-4e8d-83b4-84b4560f2119	A2	2	1	0
62919e54-9c84-4da9-8197-ab0c3d0b0633	cf7e2485-e732-4e8d-83b4-84b4560f2119	B2	2	2	0
402a9f8f-611d-43fb-a950-5a1c218577c9	cf7e2485-e732-4e8d-83b4-84b4560f2119	C2	2	3	0
91ab01cd-6cce-45b8-95e5-539efdd80be8	cf7e2485-e732-4e8d-83b4-84b4560f2119	D2	2	4	0
4a32c91d-0e4e-4018-9526-9fb07f97765f	cf7e2485-e732-4e8d-83b4-84b4560f2119	A3	3	1	0
25106c00-5a29-4aff-a97d-c8737d5d4c0d	cf7e2485-e732-4e8d-83b4-84b4560f2119	B3	3	2	0
bf944ff3-b154-4c78-aca6-2fb9cd2f0698	cf7e2485-e732-4e8d-83b4-84b4560f2119	C3	3	3	0
1786502d-75e2-4f9d-9651-ba59692bd641	cf7e2485-e732-4e8d-83b4-84b4560f2119	D3	3	4	0
63a95c57-28bb-4523-bc9e-ffffb63f61e9	cf7e2485-e732-4e8d-83b4-84b4560f2119	A4	4	1	0
f1447ebe-a13b-4590-9e73-ff232a94dae3	cf7e2485-e732-4e8d-83b4-84b4560f2119	B4	4	2	0
68461c42-98bf-4c13-8811-3f20666d339b	cf7e2485-e732-4e8d-83b4-84b4560f2119	C4	4	3	0
adfa027c-ad1a-4133-b8a3-b65656be1f2e	cf7e2485-e732-4e8d-83b4-84b4560f2119	D4	4	4	0
f92f20a1-6796-47df-8d06-b5d37598169b	cf7e2485-e732-4e8d-83b4-84b4560f2119	A5	5	1	0
8a6aa202-0f94-46e1-9e52-6bab021c95b1	cf7e2485-e732-4e8d-83b4-84b4560f2119	B5	5	2	0
a1462145-ab05-4c4d-aa68-bcae339a239d	cf7e2485-e732-4e8d-83b4-84b4560f2119	C5	5	3	0
416e100e-67e4-4b8e-90cb-81cdaf78ea1d	cf7e2485-e732-4e8d-83b4-84b4560f2119	D5	5	4	0
26109d54-7e27-4602-8a28-bdece922c88e	cf7e2485-e732-4e8d-83b4-84b4560f2119	A6	6	1	0
c2986136-5d4e-43c4-8e3b-60dc7a39cdb2	cf7e2485-e732-4e8d-83b4-84b4560f2119	B6	6	2	0
609f2eae-324e-4723-8ba9-fac0f295cb8b	cf7e2485-e732-4e8d-83b4-84b4560f2119	C6	6	3	0
e120d65a-1b50-4c4d-99b2-231a804dd572	cf7e2485-e732-4e8d-83b4-84b4560f2119	D6	6	4	0
d00a75f3-1ee4-4721-becd-cc045307278a	cf7e2485-e732-4e8d-83b4-84b4560f2119	A7	7	1	0
4c0e575a-287b-4363-a5ac-f900d2c21c2d	cf7e2485-e732-4e8d-83b4-84b4560f2119	B7	7	2	0
553af5be-a7f0-48ce-9dac-663d5b5cf49c	cf7e2485-e732-4e8d-83b4-84b4560f2119	C7	7	3	0
d4194ab5-b1f0-49f7-b4fe-eea10b6830dd	cf7e2485-e732-4e8d-83b4-84b4560f2119	D7	7	4	0
a56f4400-9232-4654-8107-dfe7d578d228	cf7e2485-e732-4e8d-83b4-84b4560f2119	A8	8	1	0
85cef8b9-5ac1-441d-8d6f-799d8181e9b5	cf7e2485-e732-4e8d-83b4-84b4560f2119	B8	8	2	0
a730d40f-ecf8-46ca-8563-e29df705cb17	cf7e2485-e732-4e8d-83b4-84b4560f2119	C8	8	3	0
583e4e86-3810-4180-9568-8c86aebcd5a6	cf7e2485-e732-4e8d-83b4-84b4560f2119	D8	8	4	0
83c3c605-24fb-44af-a956-501b8d3839a9	cf7e2485-e732-4e8d-83b4-84b4560f2119	A9	9	1	0
bfd01ac9-9a67-4d52-838e-e263b2ac69b2	cf7e2485-e732-4e8d-83b4-84b4560f2119	B9	9	2	0
5af3d5ad-6c97-432b-9875-af80ea8612fc	cf7e2485-e732-4e8d-83b4-84b4560f2119	C9	9	3	0
23dc5ee8-3b18-40c1-9251-3d039093994d	cf7e2485-e732-4e8d-83b4-84b4560f2119	D9	9	4	0
94a1759c-f706-4525-80e2-51e30fb585da	e3f089eb-13b6-468c-9a06-88f0df1dd7cf	A1	1	1	0
ec7d22cf-8594-4dd2-b19a-a52bd6d8bd66	e3f089eb-13b6-468c-9a06-88f0df1dd7cf	B1	1	2	0
689764c5-2ffb-41ec-8c57-6a80a04232d3	e3f089eb-13b6-468c-9a06-88f0df1dd7cf	C1	1	3	0
11ae5162-77cb-4bc9-aa68-2b0a677ddad3	e3f089eb-13b6-468c-9a06-88f0df1dd7cf	D1	1	4	0
d1cb15c7-6ed3-44e9-ace1-8f47b534be12	e3f089eb-13b6-468c-9a06-88f0df1dd7cf	A2	2	1	0
2ae1ad45-5ebe-47c9-92e4-5db77fb78a8e	e3f089eb-13b6-468c-9a06-88f0df1dd7cf	B2	2	2	0
63d7e786-da5a-4ca7-acc0-02fae25018fb	e3f089eb-13b6-468c-9a06-88f0df1dd7cf	C2	2	3	0
1919cc36-1cca-4d89-b876-9cac3018b2fa	e3f089eb-13b6-468c-9a06-88f0df1dd7cf	D2	2	4	0
4128822a-1ee1-4913-b9da-c3d94ace3533	e3f089eb-13b6-468c-9a06-88f0df1dd7cf	A3	3	1	0
f6d8f067-db08-4ec3-92af-14159467ef9b	e3f089eb-13b6-468c-9a06-88f0df1dd7cf	B3	3	2	0
43720284-dff3-4e28-9056-644e8bca6a00	e3f089eb-13b6-468c-9a06-88f0df1dd7cf	C3	3	3	0
57831871-89b1-4645-aa1c-012f298fa3fa	e3f089eb-13b6-468c-9a06-88f0df1dd7cf	D3	3	4	0
7b670c6e-a4e6-497a-9ec2-e3b753403ca3	e3f089eb-13b6-468c-9a06-88f0df1dd7cf	A4	4	1	0
708a2005-77a9-4832-a67e-2661438205a8	e3f089eb-13b6-468c-9a06-88f0df1dd7cf	B4	4	2	0
35a849eb-2eec-41e4-932e-4a67295affa4	e3f089eb-13b6-468c-9a06-88f0df1dd7cf	C4	4	3	0
64db8569-5831-44a9-a359-9c271c05e1e0	e3f089eb-13b6-468c-9a06-88f0df1dd7cf	D4	4	4	0
653f30db-ac6b-492a-aa77-6a275a1d2cd3	e3f089eb-13b6-468c-9a06-88f0df1dd7cf	A5	5	1	0
a0eee64b-f5fb-49ea-89b1-b92d7f1190f9	e3f089eb-13b6-468c-9a06-88f0df1dd7cf	B5	5	2	0
bb4d0b50-60f1-40b4-9dd8-02e0ea0b2326	e3f089eb-13b6-468c-9a06-88f0df1dd7cf	C5	5	3	0
5df4dfbb-b8af-4823-8c85-9cac1257ec11	e3f089eb-13b6-468c-9a06-88f0df1dd7cf	D5	5	4	0
aee9fd32-9a8e-4e55-8fb8-60db148b51c7	e3f089eb-13b6-468c-9a06-88f0df1dd7cf	A6	6	1	0
b59be44d-e0b4-434c-99d8-14fcf04295b5	e3f089eb-13b6-468c-9a06-88f0df1dd7cf	B6	6	2	0
d45b82e7-147f-4228-8b6c-4e8be58307a7	e3f089eb-13b6-468c-9a06-88f0df1dd7cf	C6	6	3	0
c2d73eac-db74-4ba9-ac96-57261b4342b3	e3f089eb-13b6-468c-9a06-88f0df1dd7cf	D6	6	4	0
6835882e-1727-4e84-88f9-6d4edc971a60	e3f089eb-13b6-468c-9a06-88f0df1dd7cf	A7	7	1	0
7bfa7f8e-b710-49b0-8b6b-a5667aeb60c7	e3f089eb-13b6-468c-9a06-88f0df1dd7cf	B7	7	2	0
58e3abba-ccfc-4be5-b07a-881a99f7c9d9	e3f089eb-13b6-468c-9a06-88f0df1dd7cf	C7	7	3	0
5dbee272-8395-42ab-93fe-3f512ed01602	e3f089eb-13b6-468c-9a06-88f0df1dd7cf	D7	7	4	0
4e9907e4-c461-410c-8f0f-b0b9369676d6	e3f089eb-13b6-468c-9a06-88f0df1dd7cf	A8	8	1	0
5df7a314-331c-40d4-8571-cb3d84b9206c	e3f089eb-13b6-468c-9a06-88f0df1dd7cf	B8	8	2	0
5e9f7268-aacd-41a3-9b35-669c299f5ac5	e3f089eb-13b6-468c-9a06-88f0df1dd7cf	C8	8	3	0
6dd4a1f8-aaf8-4292-9360-cd29d21965a4	e3f089eb-13b6-468c-9a06-88f0df1dd7cf	D8	8	4	0
af47e422-3e14-413f-a239-66594b2ca705	e3f089eb-13b6-468c-9a06-88f0df1dd7cf	A9	9	1	0
bbc4c95c-b35e-4ac0-8f4d-c1eaad167ad2	e3f089eb-13b6-468c-9a06-88f0df1dd7cf	B9	9	2	0
8577388c-9035-4455-96e9-e621114e14f3	e3f089eb-13b6-468c-9a06-88f0df1dd7cf	C9	9	3	0
1e5f7d3d-5e81-4ddc-91c5-0da9999e3428	e3f089eb-13b6-468c-9a06-88f0df1dd7cf	D9	9	4	0
50085b24-76de-4a1e-a936-ab9396e34813	e3f089eb-13b6-468c-9a06-88f0df1dd7cf	A10	10	1	0
81e0c529-112c-4aee-a074-1bc3a69cda9a	e3f089eb-13b6-468c-9a06-88f0df1dd7cf	B10	10	2	0
2650eaf0-2472-4f5b-acfb-4b16a2fbeb4c	e3f089eb-13b6-468c-9a06-88f0df1dd7cf	C10	10	3	0
62fbef36-bdfd-4faf-a1cd-9254904695e5	e3f089eb-13b6-468c-9a06-88f0df1dd7cf	D10	10	4	0
b4db88e2-ed4c-4392-ada7-267e22baa6e9	c8134a23-9b23-46eb-81ec-e7b07ff56a4d	A1	1	1	0
12d5cbe7-4624-4b0b-b39f-180d28bc4f84	c8134a23-9b23-46eb-81ec-e7b07ff56a4d	B1	1	2	0
aea18d51-05e7-4c93-aa35-092251f28503	c8134a23-9b23-46eb-81ec-e7b07ff56a4d	C1	1	3	0
42939890-15c3-4955-974d-c91560c78084	c8134a23-9b23-46eb-81ec-e7b07ff56a4d	D1	1	4	0
93b6f621-099d-4351-a321-bc75bf12fb21	c8134a23-9b23-46eb-81ec-e7b07ff56a4d	A2	2	1	0
f31b5587-0b87-4346-9953-3fa9dd759cb9	c8134a23-9b23-46eb-81ec-e7b07ff56a4d	B2	2	2	0
598cca51-6c49-4400-acf4-9646eb67a71a	c8134a23-9b23-46eb-81ec-e7b07ff56a4d	C2	2	3	0
0f1c5162-4998-40a2-860a-d85391714e48	c8134a23-9b23-46eb-81ec-e7b07ff56a4d	D2	2	4	0
2c9d7ff1-859e-4c4f-ad11-88cc020e8177	c8134a23-9b23-46eb-81ec-e7b07ff56a4d	A3	3	1	0
48bb68df-7b1c-4ac6-9afa-0e71801921e6	c8134a23-9b23-46eb-81ec-e7b07ff56a4d	B3	3	2	0
085a5a21-8dad-43e1-8da0-81718330eedf	c8134a23-9b23-46eb-81ec-e7b07ff56a4d	C3	3	3	0
26d5fc0e-1beb-4210-9395-177b14a20063	c8134a23-9b23-46eb-81ec-e7b07ff56a4d	D3	3	4	0
850e082c-a3c9-4079-9a1f-1d1168e4f582	c8134a23-9b23-46eb-81ec-e7b07ff56a4d	A4	4	1	0
ca227ba9-9f21-4f02-93d1-69c3630559ea	c8134a23-9b23-46eb-81ec-e7b07ff56a4d	B4	4	2	0
ec4b149f-737b-4557-a85b-07bda8c88be3	c8134a23-9b23-46eb-81ec-e7b07ff56a4d	C4	4	3	0
dd55a970-41b9-4a8a-a829-b5b7fa49ff61	c8134a23-9b23-46eb-81ec-e7b07ff56a4d	D4	4	4	0
24cbef0a-0b8a-44c0-bca3-8f4b0a245d5d	c8134a23-9b23-46eb-81ec-e7b07ff56a4d	A5	5	1	0
fd00cb9e-4773-487f-8719-1f8cfca3f47a	c8134a23-9b23-46eb-81ec-e7b07ff56a4d	B5	5	2	0
e6668311-a072-43ae-b9a6-7e514f63414a	c8134a23-9b23-46eb-81ec-e7b07ff56a4d	C5	5	3	0
cf62a91b-7063-4cb5-bcde-0102919e720f	c8134a23-9b23-46eb-81ec-e7b07ff56a4d	D5	5	4	0
c99ca065-cad8-4991-9c47-7191daa3b1ad	c8134a23-9b23-46eb-81ec-e7b07ff56a4d	A6	6	1	0
c0b5b713-c0b5-4f30-8f8c-c6c24a916601	c8134a23-9b23-46eb-81ec-e7b07ff56a4d	B6	6	2	0
235106ac-d97a-4d06-b276-2418f9edef40	c8134a23-9b23-46eb-81ec-e7b07ff56a4d	C6	6	3	0
ce93d7dc-0b52-4a3b-97e8-cadf0ee254c6	c8134a23-9b23-46eb-81ec-e7b07ff56a4d	D6	6	4	0
d551a541-1df1-4491-8ed1-b2b3c15ec9d8	c8134a23-9b23-46eb-81ec-e7b07ff56a4d	A7	7	1	0
ea2faccd-7c13-4f28-92d7-1fe8615bd0b1	c8134a23-9b23-46eb-81ec-e7b07ff56a4d	B7	7	2	0
db6ab1ea-69b1-46e2-880a-5fb31c8690d5	c8134a23-9b23-46eb-81ec-e7b07ff56a4d	C7	7	3	0
b4b1930a-ad5b-4a6d-ba80-bf26f3397544	c8134a23-9b23-46eb-81ec-e7b07ff56a4d	D7	7	4	0
342903c4-d186-45b3-87b0-6a048b5a598e	c8134a23-9b23-46eb-81ec-e7b07ff56a4d	A8	8	1	0
6aad865b-6e5b-40ce-92ca-029c147fd2a0	c8134a23-9b23-46eb-81ec-e7b07ff56a4d	B8	8	2	0
d098f920-e456-4934-aaa2-3ed30d043538	c8134a23-9b23-46eb-81ec-e7b07ff56a4d	C8	8	3	0
fae3dbb3-56a6-409a-a3f9-edd1ad328049	c8134a23-9b23-46eb-81ec-e7b07ff56a4d	D8	8	4	0
523f0afb-f158-40e2-8467-0b17d2901da6	c8134a23-9b23-46eb-81ec-e7b07ff56a4d	A9	9	1	0
976c9c65-e27c-4e7e-8a7e-bfe1f683f22d	c8134a23-9b23-46eb-81ec-e7b07ff56a4d	B9	9	2	0
23e661fd-9d6f-44be-a44b-f69a8fed464b	c8134a23-9b23-46eb-81ec-e7b07ff56a4d	C9	9	3	0
91e972d1-7975-49b5-ad5b-8bc2d6452914	c8134a23-9b23-46eb-81ec-e7b07ff56a4d	D9	9	4	0
9524650b-7431-4be9-9728-aa15b885522e	c8134a23-9b23-46eb-81ec-e7b07ff56a4d	A10	10	1	0
602dc408-ee59-4e56-ac49-01d435153f20	c8134a23-9b23-46eb-81ec-e7b07ff56a4d	B10	10	2	0
df542da3-cdd8-49b0-8af2-d7e06325a9d1	c8134a23-9b23-46eb-81ec-e7b07ff56a4d	C10	10	3	0
fe336e8a-f36b-4a7c-93c4-c9cba0ba27b4	c8134a23-9b23-46eb-81ec-e7b07ff56a4d	D10	10	4	0
ffa5aa79-bc7c-4d30-81fa-a0e31e46e80e	83343aad-7e7f-4e6d-9d22-22ed2aaee501	A1	1	1	0
2a6348e8-a515-469f-87b9-337e1ed27f2d	83343aad-7e7f-4e6d-9d22-22ed2aaee501	B1	1	2	0
f98220f2-1db6-4f75-a175-32ea31db2743	83343aad-7e7f-4e6d-9d22-22ed2aaee501	C1	1	3	0
4e357c61-69b5-4835-b956-a17d760253d7	83343aad-7e7f-4e6d-9d22-22ed2aaee501	D1	1	4	0
0a9d9786-5a52-4620-a9ba-0178fbb7930a	83343aad-7e7f-4e6d-9d22-22ed2aaee501	A2	2	1	0
0f286b52-ffa9-4f5e-8937-3febac603a1b	83343aad-7e7f-4e6d-9d22-22ed2aaee501	B2	2	2	0
23b801c2-398e-4094-b07f-c073d3bfa7ea	83343aad-7e7f-4e6d-9d22-22ed2aaee501	C2	2	3	0
50e2b661-c262-4be5-89b9-27b258d8831f	83343aad-7e7f-4e6d-9d22-22ed2aaee501	D2	2	4	0
8347efc0-2de2-4432-aa73-da12e1b77274	83343aad-7e7f-4e6d-9d22-22ed2aaee501	A3	3	1	0
e7dd42c6-9f14-485b-9208-8b050413d5e8	83343aad-7e7f-4e6d-9d22-22ed2aaee501	B3	3	2	0
7784ca0b-7f2a-4c16-84cf-171f82515c89	83343aad-7e7f-4e6d-9d22-22ed2aaee501	C3	3	3	0
4505963d-1ddf-4c0c-8ffd-b14dbf852359	83343aad-7e7f-4e6d-9d22-22ed2aaee501	D3	3	4	0
3400b789-f507-448e-8725-4c08d886dd0b	83343aad-7e7f-4e6d-9d22-22ed2aaee501	A4	4	1	0
3ecd8607-4a8b-4ccd-82f7-e1e32d1dfda3	83343aad-7e7f-4e6d-9d22-22ed2aaee501	B4	4	2	0
db3fba53-21cf-4ca1-ab55-82e55529c6c7	83343aad-7e7f-4e6d-9d22-22ed2aaee501	C4	4	3	0
bad8e0a0-172f-483d-91b3-372552456359	83343aad-7e7f-4e6d-9d22-22ed2aaee501	D4	4	4	0
3dc23f1c-0112-4002-9b17-ebbf6c84b839	83343aad-7e7f-4e6d-9d22-22ed2aaee501	A5	5	1	0
0e929a51-84b9-4036-a310-35a382071ffd	83343aad-7e7f-4e6d-9d22-22ed2aaee501	B5	5	2	0
9eaa322e-0fec-4001-b542-7d630b234e03	83343aad-7e7f-4e6d-9d22-22ed2aaee501	C5	5	3	0
6508c7a0-46a5-4d55-ac00-a6614d3899a8	83343aad-7e7f-4e6d-9d22-22ed2aaee501	D5	5	4	0
91809edd-1b92-4672-b4d7-60a42f801b09	83343aad-7e7f-4e6d-9d22-22ed2aaee501	A6	6	1	0
16470bc4-c770-4e8a-bb4c-7de165e8aa8f	83343aad-7e7f-4e6d-9d22-22ed2aaee501	B6	6	2	0
7bd0e3f6-4630-4203-b949-ebd16d1b7d84	83343aad-7e7f-4e6d-9d22-22ed2aaee501	C6	6	3	0
61da6593-99f0-4c78-afae-6946bfaa0001	83343aad-7e7f-4e6d-9d22-22ed2aaee501	D6	6	4	0
0b86048c-b1d6-4df7-9bfe-ba012d28c8b7	83343aad-7e7f-4e6d-9d22-22ed2aaee501	A7	7	1	0
32f8e878-87e2-412c-9b32-8b26bb9de4f2	83343aad-7e7f-4e6d-9d22-22ed2aaee501	B7	7	2	0
2a1102d2-5abb-4742-9761-eb62e5fe351c	83343aad-7e7f-4e6d-9d22-22ed2aaee501	C7	7	3	0
c53c0bf6-d524-444b-8a88-c9f3a354653b	83343aad-7e7f-4e6d-9d22-22ed2aaee501	D7	7	4	0
19a75b8b-07d9-4cdc-83ea-762f2106e132	83343aad-7e7f-4e6d-9d22-22ed2aaee501	A8	8	1	0
b1246630-9eef-420c-8bf0-3d7cae62a2f2	83343aad-7e7f-4e6d-9d22-22ed2aaee501	B8	8	2	0
d4e7f076-ff33-49fc-be4f-e7e1535e4ba9	83343aad-7e7f-4e6d-9d22-22ed2aaee501	C8	8	3	0
49634762-3f22-43d3-afcf-66c1c686138e	83343aad-7e7f-4e6d-9d22-22ed2aaee501	D8	8	4	0
86813542-19e5-4222-a255-cce18209bf91	83343aad-7e7f-4e6d-9d22-22ed2aaee501	A9	9	1	0
0ef32592-99c7-4543-a448-954c612816c1	83343aad-7e7f-4e6d-9d22-22ed2aaee501	B9	9	2	0
7fa33576-bc77-4d54-be33-fc9a8f5ae336	83343aad-7e7f-4e6d-9d22-22ed2aaee501	C9	9	3	0
fd878bd5-3e4f-44cb-aec7-ba751f694ef4	83343aad-7e7f-4e6d-9d22-22ed2aaee501	D9	9	4	0
ba13b8c9-4c28-407e-b11c-983acf03f15c	83343aad-7e7f-4e6d-9d22-22ed2aaee501	A10	10	1	0
ee2fd9e0-74ed-40c6-ab7a-5fee0f2a2a27	83343aad-7e7f-4e6d-9d22-22ed2aaee501	B10	10	2	0
c1ac5712-ee6c-4b35-b8cd-3390a5daa7b5	83343aad-7e7f-4e6d-9d22-22ed2aaee501	C10	10	3	0
f6744518-c412-435f-b489-71fdecc0bda1	83343aad-7e7f-4e6d-9d22-22ed2aaee501	D10	10	4	0
3ffc176c-9f53-4a48-9218-b1f1d2843caa	26898d1c-4f27-45d3-91d6-036126361c5a	A1	1	1	0
34298ffb-a739-440e-ad1e-b3d34e02c596	26898d1c-4f27-45d3-91d6-036126361c5a	B1	1	2	0
e5dbf11c-c6aa-4d2f-927c-17f97a9a6292	26898d1c-4f27-45d3-91d6-036126361c5a	C1	1	3	0
667eb608-26b0-4a7f-8c0b-4ddedf3128cf	26898d1c-4f27-45d3-91d6-036126361c5a	D1	1	4	0
cd50efc7-0f85-4ba8-a433-10b6718e8848	26898d1c-4f27-45d3-91d6-036126361c5a	A2	2	1	0
fbd84201-b21b-4f96-a662-76ca4b6b579e	26898d1c-4f27-45d3-91d6-036126361c5a	B2	2	2	0
3542fffa-d8c5-4e2a-a554-95a8c098225a	26898d1c-4f27-45d3-91d6-036126361c5a	C2	2	3	0
52369653-9691-4c40-b34f-e84673dd5639	26898d1c-4f27-45d3-91d6-036126361c5a	D2	2	4	0
a19d298f-f951-49ff-ba46-bfe92e0ae583	26898d1c-4f27-45d3-91d6-036126361c5a	A3	3	1	0
e1338678-98b8-4bd7-badc-54017f812ae2	26898d1c-4f27-45d3-91d6-036126361c5a	B3	3	2	0
7476b875-770b-4b48-aaa6-6879eb25c73b	26898d1c-4f27-45d3-91d6-036126361c5a	C3	3	3	0
0f8b7e38-fd2c-4701-88ca-4e77b2b9223d	26898d1c-4f27-45d3-91d6-036126361c5a	D3	3	4	0
db099d2d-54f0-46b3-b17e-3c73aaab9017	26898d1c-4f27-45d3-91d6-036126361c5a	A4	4	1	0
6f1fed86-2a05-44e9-95f8-886fbc87d6c9	26898d1c-4f27-45d3-91d6-036126361c5a	B4	4	2	0
f1754679-0c6c-47da-bc7f-861462d5079b	26898d1c-4f27-45d3-91d6-036126361c5a	C4	4	3	0
b751bbb4-3056-4113-a4bd-f925da25da66	26898d1c-4f27-45d3-91d6-036126361c5a	D4	4	4	0
a2571638-4329-43cb-a31f-16f32b1f171a	26898d1c-4f27-45d3-91d6-036126361c5a	A5	5	1	0
9f0f07fb-fcf7-4dd9-b1cc-edf6edd60d72	26898d1c-4f27-45d3-91d6-036126361c5a	B5	5	2	0
9d247296-814a-4636-931c-d7f9734d5fc6	26898d1c-4f27-45d3-91d6-036126361c5a	C5	5	3	0
0baeea2c-f9df-4a93-9b3c-36c047e026d1	26898d1c-4f27-45d3-91d6-036126361c5a	D5	5	4	0
6c293174-aaa7-4e89-9f84-14773c4f4cc8	26898d1c-4f27-45d3-91d6-036126361c5a	A6	6	1	0
c233d07d-7017-4c7d-9777-3198c7c0814a	26898d1c-4f27-45d3-91d6-036126361c5a	B6	6	2	0
32c6ef78-0b73-4e47-9a62-69ef16fe530c	26898d1c-4f27-45d3-91d6-036126361c5a	C6	6	3	0
43bf52d6-c94c-4fa6-b251-ba452877a637	26898d1c-4f27-45d3-91d6-036126361c5a	D6	6	4	0
49022e29-673c-4705-b853-7e1df054147f	26898d1c-4f27-45d3-91d6-036126361c5a	A7	7	1	0
388f5784-da82-4fab-8b6a-ba742bc92571	26898d1c-4f27-45d3-91d6-036126361c5a	B7	7	2	0
76f91562-7a28-4a2a-8bbb-bf08d70053d6	26898d1c-4f27-45d3-91d6-036126361c5a	C7	7	3	0
13fa7b62-0087-4fea-a716-cb17edb600e6	26898d1c-4f27-45d3-91d6-036126361c5a	D7	7	4	0
bc2440f1-548b-467f-93a2-a7e309c70a84	26898d1c-4f27-45d3-91d6-036126361c5a	A8	8	1	0
8d01c4f2-fddd-4f42-9866-08c7b7a62357	26898d1c-4f27-45d3-91d6-036126361c5a	B8	8	2	0
9b9b062e-8824-43ae-b379-e9b6605442d6	26898d1c-4f27-45d3-91d6-036126361c5a	C8	8	3	0
d93e21c8-b815-48be-a1d6-67ebd3c30a5d	26898d1c-4f27-45d3-91d6-036126361c5a	D8	8	4	0
a0ea66cc-6ff1-41ea-8f9b-2468322684ca	26898d1c-4f27-45d3-91d6-036126361c5a	A9	9	1	0
0aae03ee-28c6-4503-949c-6ec77eb19888	26898d1c-4f27-45d3-91d6-036126361c5a	B9	9	2	0
873245c7-46c5-48e1-a845-7efce7cab269	26898d1c-4f27-45d3-91d6-036126361c5a	C9	9	3	0
1b70933b-8cee-482a-a257-dda551f2d460	26898d1c-4f27-45d3-91d6-036126361c5a	D9	9	4	0
76a06528-e523-4d50-bfc7-53e0599fbd31	26898d1c-4f27-45d3-91d6-036126361c5a	A10	10	1	0
2f9ba9e8-4875-449d-8149-617426134d6a	26898d1c-4f27-45d3-91d6-036126361c5a	B10	10	2	0
374003b0-ab8c-4c3e-911c-60412246f061	26898d1c-4f27-45d3-91d6-036126361c5a	C10	10	3	0
2aa6fd98-9cd2-4b91-adc2-c4548e2d88da	26898d1c-4f27-45d3-91d6-036126361c5a	D10	10	4	0
d7d66c62-f8af-4699-8c96-b96eac7b2d36	60d21c3d-062d-4856-a2b2-44677fb2c746	A1	1	1	0
547eca1d-410c-4f9f-bfed-46ba09910431	60d21c3d-062d-4856-a2b2-44677fb2c746	B1	1	2	0
c78555c1-aec0-43ee-9535-889a27a29552	60d21c3d-062d-4856-a2b2-44677fb2c746	C1	1	3	0
03c0698a-fe01-4ffb-922a-23c642b639f9	60d21c3d-062d-4856-a2b2-44677fb2c746	D1	1	4	0
892502ce-8488-4408-8fe9-d2083f18222a	60d21c3d-062d-4856-a2b2-44677fb2c746	A2	2	1	0
4e563b30-dfb0-4bfb-aeef-1a13134f9d01	60d21c3d-062d-4856-a2b2-44677fb2c746	B2	2	2	0
06ad5058-1f5a-4b4d-94cd-da98275b0633	60d21c3d-062d-4856-a2b2-44677fb2c746	C2	2	3	0
da5102f5-4fbc-4dea-abb2-b552e9fa4142	60d21c3d-062d-4856-a2b2-44677fb2c746	D2	2	4	0
09141270-ec43-4d31-a58e-fccb50157bfd	60d21c3d-062d-4856-a2b2-44677fb2c746	A3	3	1	0
e27ee48b-8939-4ff1-8f90-0b45cac8e2a6	60d21c3d-062d-4856-a2b2-44677fb2c746	B3	3	2	0
93f65f63-1b37-435c-85fc-957b6110e1b9	60d21c3d-062d-4856-a2b2-44677fb2c746	C3	3	3	0
c8dac219-761d-408e-8d5b-b2ef90651f72	60d21c3d-062d-4856-a2b2-44677fb2c746	D3	3	4	0
566f7eed-f82d-4781-a167-2489218d668b	60d21c3d-062d-4856-a2b2-44677fb2c746	A4	4	1	0
48770057-9475-4069-85ac-4e6ff0f51344	60d21c3d-062d-4856-a2b2-44677fb2c746	B4	4	2	0
f42308ee-7959-4f21-8b42-8c31d515d2f5	60d21c3d-062d-4856-a2b2-44677fb2c746	C4	4	3	0
03e70199-6848-48e4-bd20-699ed7c568e5	60d21c3d-062d-4856-a2b2-44677fb2c746	D4	4	4	0
f888d3e2-22f9-403d-bd27-f5f244734c7d	60d21c3d-062d-4856-a2b2-44677fb2c746	A5	5	1	0
f80fcda7-1949-4413-8de8-5a26220d6fbf	60d21c3d-062d-4856-a2b2-44677fb2c746	B5	5	2	0
770efb20-aded-4ab1-a991-9893a2276c17	60d21c3d-062d-4856-a2b2-44677fb2c746	C5	5	3	0
b058e98d-fc0f-4632-8d8e-e89b2828cd4a	60d21c3d-062d-4856-a2b2-44677fb2c746	D5	5	4	0
5f09e1e8-645f-4b6a-910e-58e2829615f0	60d21c3d-062d-4856-a2b2-44677fb2c746	A6	6	1	0
9861a5c0-44aa-4146-8fbe-bf76b9584677	60d21c3d-062d-4856-a2b2-44677fb2c746	B6	6	2	0
a1111ce0-6c5f-4605-bd1b-d74c120dfe9e	60d21c3d-062d-4856-a2b2-44677fb2c746	C6	6	3	0
22e88a98-8796-43c6-9599-90ddae1aa7f9	60d21c3d-062d-4856-a2b2-44677fb2c746	D6	6	4	0
b5666d1e-b35b-4ec5-9f4a-ed1d2a60a76c	60d21c3d-062d-4856-a2b2-44677fb2c746	A7	7	1	0
a7555ca2-d233-4996-81bc-d6283bbc0593	60d21c3d-062d-4856-a2b2-44677fb2c746	B7	7	2	0
6370325a-d005-487a-97ec-a0eb4a9255ac	60d21c3d-062d-4856-a2b2-44677fb2c746	C7	7	3	0
bd5d98de-a9a1-4e49-997b-c226032c69d0	60d21c3d-062d-4856-a2b2-44677fb2c746	D7	7	4	0
c18adb28-61dd-417f-bd5b-3a2258c518cf	60d21c3d-062d-4856-a2b2-44677fb2c746	A8	8	1	0
4c60b377-85b5-4087-8976-cd566652d1c5	60d21c3d-062d-4856-a2b2-44677fb2c746	B8	8	2	0
fca01e71-2e63-4b1a-b82c-6a5aab263693	60d21c3d-062d-4856-a2b2-44677fb2c746	C8	8	3	0
5c4a683f-cb58-433e-a1bb-c8861b2747ef	60d21c3d-062d-4856-a2b2-44677fb2c746	D8	8	4	0
bdd4caa0-964b-4db4-afab-c69e65be3f6a	60d21c3d-062d-4856-a2b2-44677fb2c746	A9	9	1	0
442c86ec-6a82-4fa0-a33f-fb5ddaa34492	60d21c3d-062d-4856-a2b2-44677fb2c746	B9	9	2	0
d5e4a4d8-a06f-49dd-8281-ba355ba69ffa	60d21c3d-062d-4856-a2b2-44677fb2c746	C9	9	3	0
abe06fd2-5895-4011-89f4-cc1ca542f715	60d21c3d-062d-4856-a2b2-44677fb2c746	D9	9	4	0
42a8b314-cc57-4b4a-8bcb-fe9f746cdc76	60d21c3d-062d-4856-a2b2-44677fb2c746	A10	10	1	0
4a3204a8-ee94-4fbb-89ba-bcb1ae964dc5	60d21c3d-062d-4856-a2b2-44677fb2c746	B10	10	2	0
16a05ad5-b5ea-4de3-a1af-e53537467606	60d21c3d-062d-4856-a2b2-44677fb2c746	C10	10	3	0
cf6f9bd5-8bf4-4cf7-83ed-a4d13ae57c04	60d21c3d-062d-4856-a2b2-44677fb2c746	D10	10	4	0
cfa7eeba-237b-4c9e-a7b7-e6ca74a41c34	86108a52-62de-4ee5-9a3f-0591d95c0af3	A1	1	1	0
8d91ae61-c587-4c38-aa95-ce8718bbaf9a	86108a52-62de-4ee5-9a3f-0591d95c0af3	B1	1	2	0
7bc64154-16bf-4d0d-a20f-44a913910e9b	86108a52-62de-4ee5-9a3f-0591d95c0af3	C1	1	3	0
bfca756b-7ad9-4d21-a63f-946cb725f340	86108a52-62de-4ee5-9a3f-0591d95c0af3	D1	1	4	0
c32f9f57-d14f-4cde-95b8-cf29aea68e74	86108a52-62de-4ee5-9a3f-0591d95c0af3	A2	2	1	0
ae82817f-2718-4ddd-8c13-f052f8c24dd4	86108a52-62de-4ee5-9a3f-0591d95c0af3	B2	2	2	0
9263cbea-a5e4-4b86-94c8-a7d8217b80cb	86108a52-62de-4ee5-9a3f-0591d95c0af3	C2	2	3	0
158ba17b-adf3-4f01-b7fc-9d5c429e73c0	86108a52-62de-4ee5-9a3f-0591d95c0af3	D2	2	4	0
bfb49695-cb0a-4dc3-a969-2a3ce436f7ae	86108a52-62de-4ee5-9a3f-0591d95c0af3	A3	3	1	0
1d87619e-6901-44ce-9115-f36ce13f4293	86108a52-62de-4ee5-9a3f-0591d95c0af3	B3	3	2	0
a4fb5c6d-609f-4a35-868d-1cf3d7b0f0c4	86108a52-62de-4ee5-9a3f-0591d95c0af3	C3	3	3	0
3a4bdb1e-991f-40ba-b714-69259f4671f4	86108a52-62de-4ee5-9a3f-0591d95c0af3	D3	3	4	0
142330e4-6ba2-463d-89d0-9d53ed999f6e	86108a52-62de-4ee5-9a3f-0591d95c0af3	A4	4	1	0
24cf6d70-82fd-4107-af7e-bb20115e63a5	86108a52-62de-4ee5-9a3f-0591d95c0af3	B4	4	2	0
b5b2a0ba-6999-4616-8cc5-8c918cb0ecf3	86108a52-62de-4ee5-9a3f-0591d95c0af3	C4	4	3	0
c6e2c645-4c3d-444a-b957-3e055d62addb	86108a52-62de-4ee5-9a3f-0591d95c0af3	D4	4	4	0
cf60108b-3d08-4e9a-a73d-0e4ac116a95c	86108a52-62de-4ee5-9a3f-0591d95c0af3	A5	5	1	0
b3c6d80f-1862-418b-9762-1ebccf8cbc89	86108a52-62de-4ee5-9a3f-0591d95c0af3	B5	5	2	0
8e553859-f765-49e9-9591-b5da0ead53f1	86108a52-62de-4ee5-9a3f-0591d95c0af3	C5	5	3	0
89fcdfc5-f3bb-4555-93e8-c22970103d1c	86108a52-62de-4ee5-9a3f-0591d95c0af3	D5	5	4	0
5107cebc-79c4-4ebf-9a46-d914c45f5f58	86108a52-62de-4ee5-9a3f-0591d95c0af3	A6	6	1	0
e0918b02-159f-45b8-967e-85c7b01b62fe	86108a52-62de-4ee5-9a3f-0591d95c0af3	B6	6	2	0
0e381b15-5a1c-4e67-bff5-af7bd1792c8f	86108a52-62de-4ee5-9a3f-0591d95c0af3	C6	6	3	0
04e76935-881d-4a2b-a1f5-467e7edd91cc	86108a52-62de-4ee5-9a3f-0591d95c0af3	D6	6	4	0
b3517dfb-6871-4c43-886b-773e52108b50	86108a52-62de-4ee5-9a3f-0591d95c0af3	A7	7	1	0
284ffe70-4ca7-4a0b-9923-6acc16237a91	86108a52-62de-4ee5-9a3f-0591d95c0af3	B7	7	2	0
f163059d-9444-4674-86b5-bc219dadcda9	86108a52-62de-4ee5-9a3f-0591d95c0af3	C7	7	3	0
cabce06a-42e4-4734-958d-45462c4c892f	86108a52-62de-4ee5-9a3f-0591d95c0af3	D7	7	4	0
949473ab-1f5c-471b-9232-30f5b8325627	86108a52-62de-4ee5-9a3f-0591d95c0af3	A8	8	1	0
3eec90e2-cfaf-450e-84d5-ca5426a7e835	86108a52-62de-4ee5-9a3f-0591d95c0af3	B8	8	2	0
fa6a61b2-9997-4b36-b972-d3c082ecf5d4	86108a52-62de-4ee5-9a3f-0591d95c0af3	C8	8	3	0
2f541836-3c9d-4f1d-a6c6-7bdcbda33595	86108a52-62de-4ee5-9a3f-0591d95c0af3	D8	8	4	0
5d3507f7-d015-45a5-ade2-ac4dd8c125d7	86108a52-62de-4ee5-9a3f-0591d95c0af3	A9	9	1	0
83e3a928-0b3b-45b8-b330-317f73e45c8c	86108a52-62de-4ee5-9a3f-0591d95c0af3	B9	9	2	0
47c16622-b01d-42a0-95de-9c6c8c916048	86108a52-62de-4ee5-9a3f-0591d95c0af3	C9	9	3	0
cfdf747e-4b4a-4a9a-b91f-fae94deb1ee9	86108a52-62de-4ee5-9a3f-0591d95c0af3	D9	9	4	0
08354830-8fba-4fca-97dd-250c836bc282	86108a52-62de-4ee5-9a3f-0591d95c0af3	A10	10	1	0
64314d52-c28b-45f1-b6f0-ae1a76233219	86108a52-62de-4ee5-9a3f-0591d95c0af3	B10	10	2	0
acbbaf8e-2da0-4b10-bb6a-4056bcfba271	86108a52-62de-4ee5-9a3f-0591d95c0af3	C10	10	3	0
f4dbe982-f6fa-45a9-ba78-ee42d1184002	86108a52-62de-4ee5-9a3f-0591d95c0af3	D10	10	4	0
6ec2d394-9032-4c72-85b3-026fce54e04f	817dd252-e021-4670-84f0-0092ffeffd26	A1	1	1	0
aac03f48-02a8-4de0-b64e-4c67fdb6b7bf	817dd252-e021-4670-84f0-0092ffeffd26	B1	1	2	0
b0917243-9e10-4904-b207-4f5f7efbf456	817dd252-e021-4670-84f0-0092ffeffd26	C1	1	3	0
d840cd41-54c5-4387-bdbb-1424d898382d	817dd252-e021-4670-84f0-0092ffeffd26	D1	1	4	0
b26dd16a-6ab2-4b4e-a3d3-f8f39c427dc6	817dd252-e021-4670-84f0-0092ffeffd26	A2	2	1	0
150c0b7b-f378-4faf-8423-c77c04e7a865	817dd252-e021-4670-84f0-0092ffeffd26	B2	2	2	0
6aca6f86-a68d-482c-83be-7d953e8f3bfc	817dd252-e021-4670-84f0-0092ffeffd26	C2	2	3	0
86e167ef-f335-4efb-a537-4944a08732f9	817dd252-e021-4670-84f0-0092ffeffd26	D2	2	4	0
339504c5-5091-41e8-a1d1-1f6c5ac690dc	817dd252-e021-4670-84f0-0092ffeffd26	A3	3	1	0
9f58334f-6d75-44a9-81e4-04d68128442a	817dd252-e021-4670-84f0-0092ffeffd26	B3	3	2	0
9b4a4a42-d224-40f0-bdbc-e5b87e1b6edb	817dd252-e021-4670-84f0-0092ffeffd26	C3	3	3	0
8008b423-59e9-4f69-9108-abf8bc3fa930	817dd252-e021-4670-84f0-0092ffeffd26	D3	3	4	0
d4513aec-4238-4c4b-91bc-dbd77e8ea2cb	817dd252-e021-4670-84f0-0092ffeffd26	A4	4	1	0
85468b92-5b61-4d23-8ce3-6a41783158c4	817dd252-e021-4670-84f0-0092ffeffd26	B4	4	2	0
de8bb30e-11b4-47b9-825b-4907e5037e6f	817dd252-e021-4670-84f0-0092ffeffd26	C4	4	3	0
6590548b-6132-4278-bcbe-76455f754aa5	817dd252-e021-4670-84f0-0092ffeffd26	D4	4	4	0
e0472800-c07e-4dac-b64b-5727f5c4eff7	817dd252-e021-4670-84f0-0092ffeffd26	A5	5	1	0
0690fa24-5d6e-49f2-ae06-589aacb9083b	817dd252-e021-4670-84f0-0092ffeffd26	B5	5	2	0
20696ff4-498e-46cd-99b6-07bd9430f1ad	817dd252-e021-4670-84f0-0092ffeffd26	C5	5	3	0
44130192-19c7-4c32-b438-db07409ef962	817dd252-e021-4670-84f0-0092ffeffd26	D5	5	4	0
1e6b3751-998c-404f-8814-12964dbcfae5	817dd252-e021-4670-84f0-0092ffeffd26	A6	6	1	0
a118042e-4133-4223-b517-8d799b5140db	817dd252-e021-4670-84f0-0092ffeffd26	B6	6	2	0
871c3725-ee17-4b25-b6de-1e71ab96a5a5	817dd252-e021-4670-84f0-0092ffeffd26	C6	6	3	0
9e3245d5-a6c7-43cf-bc97-74207db42ce2	817dd252-e021-4670-84f0-0092ffeffd26	D6	6	4	0
1f0493f5-7fcc-4fce-aca9-5ced5e199feb	817dd252-e021-4670-84f0-0092ffeffd26	A7	7	1	0
98ad9697-708e-4744-9610-842d73ea7a79	817dd252-e021-4670-84f0-0092ffeffd26	B7	7	2	0
65069cfd-9c34-4ed8-802e-56cef808e7d4	817dd252-e021-4670-84f0-0092ffeffd26	C7	7	3	0
bc77e8cb-bd86-4222-b74f-3aae1fdeaba9	817dd252-e021-4670-84f0-0092ffeffd26	D7	7	4	0
29a29ea1-9813-4707-9b9b-a70d06b3c5e5	817dd252-e021-4670-84f0-0092ffeffd26	A8	8	1	0
3d357c87-db16-493f-98d5-4566feb6af8c	817dd252-e021-4670-84f0-0092ffeffd26	B8	8	2	0
8bebd90b-fbe7-42fd-9a8c-6ed6aef24837	817dd252-e021-4670-84f0-0092ffeffd26	C8	8	3	0
51d498d1-1857-4f84-b94f-8866fed0c4f3	817dd252-e021-4670-84f0-0092ffeffd26	D8	8	4	0
134201da-7a59-4d1f-9c6a-1e728b33f9d6	817dd252-e021-4670-84f0-0092ffeffd26	A9	9	1	0
a42a59a2-41a0-4b61-8c1d-300df201090e	817dd252-e021-4670-84f0-0092ffeffd26	B9	9	2	0
88ed68ea-b1ad-4742-a53f-8296ec248170	817dd252-e021-4670-84f0-0092ffeffd26	C9	9	3	0
6357cd58-ff0c-46ab-b494-a4899ea52266	817dd252-e021-4670-84f0-0092ffeffd26	D9	9	4	0
7b651a3d-850b-40cb-9731-909ff12428e3	817dd252-e021-4670-84f0-0092ffeffd26	A10	10	1	0
3d67feb3-d1df-4345-a90d-55758d69e304	817dd252-e021-4670-84f0-0092ffeffd26	B10	10	2	0
c66a3302-0bbb-4de3-88bb-1e597da4e6f8	817dd252-e021-4670-84f0-0092ffeffd26	C10	10	3	0
e762cb32-0b9e-43c3-bfd8-be7901a36e64	817dd252-e021-4670-84f0-0092ffeffd26	D10	10	4	0
\.


--
-- TOC entry 4958 (class 0 OID 16468)
-- Dependencies: 224
-- Data for Name: Tickets; Type: TABLE DATA; Schema: public; Owner: postgres
--

COPY public."Tickets" ("Id", "SeatId", "PassengerId", "BoardingPoint", "DroppingPoint", "Status", "Price", "BookingDate", "BookingReference", "BusScheduleId") FROM stdin;
3aeaeb59-3603-4fc2-b442-492035d2d810	aea18d51-05e7-4c93-aa35-092251f28503	f744f7a6-3b99-43f1-b1e5-cd17196a278b	Dhaka Counter	Rajshahi Counter	1	750.00	2025-10-28 13:15:30.021829+06	BUS20251028191529	3861c0c2-6184-419d-b3eb-d8242ca95db5
71e2f9bc-b663-4d0a-9345-be6d425d063f	42939890-15c3-4955-974d-c91560c78084	f744f7a6-3b99-43f1-b1e5-cd17196a278b	Dhaka Counter	Rajshahi Counter	1	750.00	2025-10-28 13:15:29.88285+06	BUS20251028191529	3861c0c2-6184-419d-b3eb-d8242ca95db5
bd95876c-5cc6-4fea-bffe-d7eacbedcfa9	0f1c5162-4998-40a2-860a-d85391714e48	f744f7a6-3b99-43f1-b1e5-cd17196a278b	Dhaka Counter	Rajshahi Counter	1	750.00	2025-10-28 13:15:30.025051+06	BUS20251028191529	3861c0c2-6184-419d-b3eb-d8242ca95db5
cd46543d-70aa-4841-b7d5-381cbb3d974c	598cca51-6c49-4400-acf4-9646eb67a71a	f744f7a6-3b99-43f1-b1e5-cd17196a278b	Dhaka Counter	Rajshahi Counter	1	750.00	2025-10-28 13:15:30.024979+06	BUS20251028191529	3861c0c2-6184-419d-b3eb-d8242ca95db5
\.


--
-- TOC entry 4953 (class 0 OID 16389)
-- Dependencies: 219
-- Data for Name: __EFMigrationsHistory; Type: TABLE DATA; Schema: public; Owner: postgres
--

COPY public."__EFMigrationsHistory" ("MigrationId", "ProductVersion") FROM stdin;
20251028064310_InitialCreate	9.0.10
20251028065301_AddBusScheduleEntity	9.0.10
20251028070604_UpdateNavigationProperties	9.0.10
\.


--
-- TOC entry 4799 (class 2606 OID 16541)
-- Name: BusSchedules PK_BusSchedules; Type: CONSTRAINT; Schema: public; Owner: postgres
--

ALTER TABLE ONLY public."BusSchedules"
    ADD CONSTRAINT "PK_BusSchedules" PRIMARY KEY ("Id");


--
-- TOC entry 4783 (class 2606 OID 16409)
-- Name: Buses PK_Buses; Type: CONSTRAINT; Schema: public; Owner: postgres
--

ALTER TABLE ONLY public."Buses"
    ADD CONSTRAINT "PK_Buses" PRIMARY KEY ("Id");


--
-- TOC entry 4785 (class 2606 OID 16420)
-- Name: Passengers PK_Passengers; Type: CONSTRAINT; Schema: public; Owner: postgres
--

ALTER TABLE ONLY public."Passengers"
    ADD CONSTRAINT "PK_Passengers" PRIMARY KEY ("Id");


--
-- TOC entry 4787 (class 2606 OID 16433)
-- Name: Routes PK_Routes; Type: CONSTRAINT; Schema: public; Owner: postgres
--

ALTER TABLE ONLY public."Routes"
    ADD CONSTRAINT "PK_Routes" PRIMARY KEY ("Id");


--
-- TOC entry 4790 (class 2606 OID 16445)
-- Name: Seats PK_Seats; Type: CONSTRAINT; Schema: public; Owner: postgres
--

ALTER TABLE ONLY public."Seats"
    ADD CONSTRAINT "PK_Seats" PRIMARY KEY ("Id");


--
-- TOC entry 4795 (class 2606 OID 16482)
-- Name: Tickets PK_Tickets; Type: CONSTRAINT; Schema: public; Owner: postgres
--

ALTER TABLE ONLY public."Tickets"
    ADD CONSTRAINT "PK_Tickets" PRIMARY KEY ("Id");


--
-- TOC entry 4781 (class 2606 OID 16395)
-- Name: __EFMigrationsHistory PK___EFMigrationsHistory; Type: CONSTRAINT; Schema: public; Owner: postgres
--

ALTER TABLE ONLY public."__EFMigrationsHistory"
    ADD CONSTRAINT "PK___EFMigrationsHistory" PRIMARY KEY ("MigrationId");


--
-- TOC entry 4796 (class 1259 OID 16554)
-- Name: IX_BusSchedules_BusId; Type: INDEX; Schema: public; Owner: postgres
--

CREATE INDEX "IX_BusSchedules_BusId" ON public."BusSchedules" USING btree ("BusId");


--
-- TOC entry 4797 (class 1259 OID 16555)
-- Name: IX_BusSchedules_RouteId; Type: INDEX; Schema: public; Owner: postgres
--

CREATE INDEX "IX_BusSchedules_RouteId" ON public."BusSchedules" USING btree ("RouteId");


--
-- TOC entry 4788 (class 1259 OID 16494)
-- Name: IX_Seats_BusId; Type: INDEX; Schema: public; Owner: postgres
--

CREATE INDEX "IX_Seats_BusId" ON public."Seats" USING btree ("BusId");


--
-- TOC entry 4791 (class 1259 OID 16552)
-- Name: IX_Tickets_BusScheduleId; Type: INDEX; Schema: public; Owner: postgres
--

CREATE INDEX "IX_Tickets_BusScheduleId" ON public."Tickets" USING btree ("BusScheduleId");


--
-- TOC entry 4792 (class 1259 OID 16495)
-- Name: IX_Tickets_PassengerId; Type: INDEX; Schema: public; Owner: postgres
--

CREATE INDEX "IX_Tickets_PassengerId" ON public."Tickets" USING btree ("PassengerId");


--
-- TOC entry 4793 (class 1259 OID 16496)
-- Name: IX_Tickets_SeatId; Type: INDEX; Schema: public; Owner: postgres
--

CREATE INDEX "IX_Tickets_SeatId" ON public."Tickets" USING btree ("SeatId");


--
-- TOC entry 4804 (class 2606 OID 16542)
-- Name: BusSchedules FK_BusSchedules_Buses_BusId; Type: FK CONSTRAINT; Schema: public; Owner: postgres
--

ALTER TABLE ONLY public."BusSchedules"
    ADD CONSTRAINT "FK_BusSchedules_Buses_BusId" FOREIGN KEY ("BusId") REFERENCES public."Buses"("Id") ON DELETE CASCADE;


--
-- TOC entry 4805 (class 2606 OID 16547)
-- Name: BusSchedules FK_BusSchedules_Routes_RouteId; Type: FK CONSTRAINT; Schema: public; Owner: postgres
--

ALTER TABLE ONLY public."BusSchedules"
    ADD CONSTRAINT "FK_BusSchedules_Routes_RouteId" FOREIGN KEY ("RouteId") REFERENCES public."Routes"("Id") ON DELETE CASCADE;


--
-- TOC entry 4800 (class 2606 OID 16446)
-- Name: Seats FK_Seats_Buses_BusId; Type: FK CONSTRAINT; Schema: public; Owner: postgres
--

ALTER TABLE ONLY public."Seats"
    ADD CONSTRAINT "FK_Seats_Buses_BusId" FOREIGN KEY ("BusId") REFERENCES public."Buses"("Id") ON DELETE CASCADE;


--
-- TOC entry 4801 (class 2606 OID 16556)
-- Name: Tickets FK_Tickets_BusSchedules_BusScheduleId; Type: FK CONSTRAINT; Schema: public; Owner: postgres
--

ALTER TABLE ONLY public."Tickets"
    ADD CONSTRAINT "FK_Tickets_BusSchedules_BusScheduleId" FOREIGN KEY ("BusScheduleId") REFERENCES public."BusSchedules"("Id") ON DELETE CASCADE;


--
-- TOC entry 4802 (class 2606 OID 16483)
-- Name: Tickets FK_Tickets_Passengers_PassengerId; Type: FK CONSTRAINT; Schema: public; Owner: postgres
--

ALTER TABLE ONLY public."Tickets"
    ADD CONSTRAINT "FK_Tickets_Passengers_PassengerId" FOREIGN KEY ("PassengerId") REFERENCES public."Passengers"("Id") ON DELETE CASCADE;


--
-- TOC entry 4803 (class 2606 OID 16488)
-- Name: Tickets FK_Tickets_Seats_SeatId; Type: FK CONSTRAINT; Schema: public; Owner: postgres
--

ALTER TABLE ONLY public."Tickets"
    ADD CONSTRAINT "FK_Tickets_Seats_SeatId" FOREIGN KEY ("SeatId") REFERENCES public."Seats"("Id") ON DELETE CASCADE;


-- Completed on 2025-10-28 19:38:51

--
-- PostgreSQL database dump complete
--

\unrestrict zftfr0fyFLANL1iwfMkfnNhlGlFlMbXelcBWmEo4n5pRGJA1uOOAX39oOZa3qcm

